origin,1,2,4,5,6,8,9,10,11,12,13,15,16,17,18,19,20,21,22,23,24,25,26,27,28,29,30,31,32,33,34,35,36,37,38,39,40,41,42,44,45,46,47,48,49,50,51,53,54,55,56
1,0,0,0.020770140352681096,0.03686185800215927,0.042028687471081176,0.011516117423268728,0.004112899079738832,0.0072746902472880575,0,0.2378540949051464,0.14030126985759092,0,0.004729833941699656,0.017556937946635136,0.015526194026014087,0,0,0.021464192072387023,0.027068017068531184,0,0,0.0021592720168628864,0.02097578530666804,5.14112384967354e-4,0.059945504087193464,0.012904220862680584,0,0.005526708138399054,0.013546861343889778,0,0.005758058711634364,0.006220759858104982,0.0183795177625829,0.022132538172844593,0,0.02352064161225644,0.006323582335098453,0,0.006503521669837027,0,0.020358850444707213,0.0011567528661765463,0.08701352115572465,0.060485322091409194,0.009305434167909106,0,0.012133052285229552,0.0033160248830394327,0.0023135057323530927,0.00948537350264768,0.002956146213562285
2,0.00440614520782968,0,0.11444279809716916,0.006394759416673164,0.07576230211339001,0.027333697262731025,0,0,0,0.12009670123995941,0.04772674101224362,0.006355766981205645,0.01902830850814942,0.013569367542696715,0,0,0.008461358496451687,0,0.006979645948685954,0,0.002885440224596428,0.011814707946658346,0.003158387272869063,0.03957732199953208,0,0.012321609607736098,0.028698432504094203,0.005653903142790298,0.021835763861810804,0,0.020198081572174995,0.005341963659050144,0.035561101146377595,0.004952039304374951,0,0.01820946736333151,0.011229821414645557,0.07470950635576697,0.03251969117991109,0,0,0,0.016532792638228183,0.05856663807221398,0.008500350931919207,0,0.0045231225142322385,0.08882476799500896,0,0.04172190595024564,0.002105591515246042
4,0.004908296657449976,0.002421426351008655,0,0.011215457862273195,0.16561410971679127,0.05511199096873413,0.004908296657449976,0,0,0.041679619116179366,0.01080643314081903,0.015804715236988922,0.026578426400091615,0.026881104693967695,0.021220202549042066,0.021342909965478316,0.01303970811995877,0.00889219744441354,0.002985880466615402,0.0059553999443726375,0.0036730419986583988,0.010855516107393529,0.03444806204086973,0.021015690188314978,0.001112547242355328,0.01991950393481782,0.012557058948642853,0.009031265849707957,0.03867737766070582,0,0.005955399944372638,0.027200143976701955,0.027969110453035777,0.013816855090721683,0.004695603802293811,0.023003550334582224,0.013080610592104183,0.04609708610788436,0.020451236072708236,0.002396884867721405,0.006290800215965052,0.007125210647731548,0.012933361692380685,0.06215539667217485,0.029457960439128943,2.617758217306654e-4,0.007861455146349044,0.06915789990347017,0.0015461134470967424,0.01977225503509432,0.008115050473650626
5,0.009551344932624295,0.0010067633847901285,0.037276059682998595,0,0.05952811193143682,0.012984666219216272,0.0029428468170788367,0,0,0.07341628375238783,0.011616500593732251,0,0.009577159378388145,0.034178326191336664,0.0020909701068718054,0.018018483143166914,0.015075636326088078,0.0093964582580412,0.023000671175589852,0,0.0022716712272187515,3.872166864577417e-4,0.01646961639733595,0.01071299499199752,0.037534204140637094,0.12605193866487685,0,0.0025556301306210952,0.01073880943776137,0.005704992513810727,0.004930559140895244,0.005395219164644534,0.008673653776653413,0.015798440807475864,0.0010842067220816767,0.011926273942898444,0.08219319531209662,0.009654602715679694,0.003820537973049718,0,0.0025556301306210952,0.0029944757086065358,0.060947906448448545,0.19500232330011874,0.0047498580205482975,0.003768909081522019,0.0116939439310238,0.024497909029893124,0,0.018224998709277712,0
6,0.003983374833371059,8.394325813023464e-4,0.1607214718680047,0.011610578736889761,0,0.03475628159661961,0.0018486380442164034,6.665157574385672e-4,0.003505495611056615,0.06215259438114638,0.01318883774742825,0.018222289292990263,0.04113534042606705,0.009607887522321985,0.010774290097839478,0.0068192107447370386,0.005992353932442966,0.00718076410372494,0.007668075152795589,0.0021504565004149996,0.004178299252999319,0.005866596242360218,0.00918659926054478,0.007787544958374202,0.005134057697628208,0.022334565758696127,0.008457204658064836,0.004140571945974495,0.12316708166704393,0.0012984481501043784,0.005772277974798156,0.017055886717472768,0.008589250232651722,0.020529942906008694,0.0013739027641540274,0.013185693805176183,0.010378153374078823,0.1007256218717775,0.012085314016952132,0,0.004797655876656856,0.004492693478206191,0.016225885962926633,0.07562753087351287,0.027776729797027076,0.002524585628411176,0.01094406297945119,0.0626304736034608,0.0017228803541336547,0.006812922860232902,0.002373676400311878
8,0.006747137849768514,0.0020935268150877482,0.1366175784474404,0.007979327918077305,0.09658934574296277,0,0.004928760273235156,0.002488306157361438,6.460025600842195e-4,0.1060760129679032,0.013063607326147551,0.0061848763622878045,0.008744960581880823,0.0097737794738668015,0.005012501345838666,0.0243327630965056,0.04382050699237955,0.006196839372659735,0.004665574045052696,0.005538873802203585,0.003086456675957937,0.0010288188919859791,0.012309937672715958,0.025026617698077538,0.006818915912000094,0.032982019595410986,0.02204782811546697,0.02032515462190906,0.037169073225586484,0,0.0027754184062877573,0.029931451950568837,0.004868945221375506,0.015264801234582664,3.1103826967017977e-4,0.007692215669150983,0.014929836944168627,0.013135385388379127,0.010778672345108922,0.0029309375411228477,0.02119845437905994,0.007608474596547474,0.01446327953966336,0.09650560467035921,0.02566065724778983,0.0017705255350456384,0.016437176251031808,0.03323324281322151,0,0.008613367467789592,0.019595410989221324
9,0.003464117668852581,0,0.011244488903708645,0.0013337779259753252,0.02289652106257642,0.006742988403541921,0,0.0042051054055055395,0.001018858137897818,0.38746248749583195,0.015653365936793746,0,0,0.011337112370790263,0.0013337779259753252,0,0.005835278426142049,0.008299062650513134,0.0018154199547997484,0.028805898262383764,0.008817754066170205,0.04934978326108704,0.01154088399836983,0.007298729206031641,0.002278537290207847,0.003982809084509651,0,0.0010559075247304657,0.011374161757622911,0.02084028009336446,0.01583861287095699,0.0035011670556852285,0.09310510911044427,0.03510429402393392,0.0028157533992812425,0.01107776666296173,0.0017968952613834242,0.0037234633766811166,0.028565077247971547,0.033011003667889303,0.08143455225816014,0,0.00766922307435812,0.007965618169019303,0.004575599273832018,0.013523026193916493,0.021951761698343893,0.005779704345893076,0,5.742654959060428e-4,0
10,0,0,0.057644907370597125,0,0.015902043412578518,0,0,0,0.0032599188995785957,0.18621292836129444,0.06026874453367258,0,0,0,0,0,0,0.034586944422358275,0,0.024727677506559596,0.165063210622565,0,0.002544326946012563,0,0,0,0,0,0,0,0.045638864594100347,0.006281307147968514,0.005327184543213803,0.057803927804722904,0,0.026476902281943233,0.0066788582332829765,0.004691102806710663,0.16649439452969705,0,0.00866661365985529,0,0.047070048501232406,0.020831676870477857,0,0,0.03593861811242745,0.014073308420131988,0.003816490419018844,0,0
11,0.011676938047356472,0,0,0.005060006487187804,0.01608822575413558,0.005449237755433019,0.00363282517028868,0.01894258838793383,0,0.050275705481673684,0.02147259163152773,0,0,0.006097956535841712,0.01258514433992864,0,0,0,0,0.005124878365228673,0.3939020434641583,0.009536166072007782,0.006422315926046059,0.017645150827116447,0,0.0027246188777165095,0,0.001621796951021732,0,0,0.011417450535192993,0.0045410314628608495,0.06584495621148231,0.0667531625040545,0,0.018683100875770357,0,0.019461563412260786,0.03360363282517029,0,0.010963347388906908,0,0,0.010249756730457346,0.008822575413558223,0.007135906584495621,0.11715861174180994,0.0017515407071034706,0.035355173532273756,0,0
12,0.030582089154865825,0.001434737206433539,0.023369946249123617,0.009137944805511755,0.0278161524785455,0.013882931360397106,0.019426637597214535,0.0032126280539934503,6.833490612085514e-4,0,0.087811833475821,7.010983874737087e-4,0.002780727781541291,0.033584683514721554,0.038291213196032424,0.008821415153783117,0.004567493292233782,0.019938409837859897,0.005247884132398141,0.01897107155640883,0.017997816832869377,0.029638416641768306,0.04137072130303721,0.006191556645495663,0.006688537780920062,0.013587109255977822,7.868867977553017e-4,0.0030262601282092993,0.013977594433811278,0.009806502761499346,0.03070337621767774,0.009540262867521986,0.06709836972438252,0.06889400989820761,0.0028280593182483777,0.05432477125555774,0.0047745687653272815,0.006073227803727949,0.04445022941004195,0.005481583594889376,0.04216944098496928,7.987196819320732e-5,0.055200404684638806,0.04077020243106605,0.0015471496061128674,0.0036770687579317294,0.026816273765608304,0.012918551299990236,0.007383719726305387,0.020456098520593654,0.0014791105220964317
13,0.09158598600264142,0.0035981322989569577,0.01733551023803829,0.0037853183723131,0.019800126870560833,0.004825241002069446,0.004128492840132694,0.00597955512109899,4.3676750449766534e-4,0.27968719127296926,0,8.1113965120995e-4,0.006873888582689447,0.0210896309314587,0.019217770197897277,0.003670926883039902,0.007081873108640717,0.005823566726635538,0.012135897089256557,0.001102317987541727,0.0052620085065671115,0.003390147773005688,0.02523892222418652,0.011314358211749045,0.023866224352908142,0.006717900188225997,0.0026414034795811192,0.004430070402762034,0.0035981322989569586,9.047326878880211e-4,0.0025686088954981747,0.007872214307255541,0.011647133453271077,0.09269870321648066,0,0.03315273343663232,0.0019342560913468037,0.004492465760547415,0.038248354322438415,0.001060721082351473,0.05120579028920249,0,0.06710620729817701,0.037094040203408854,0.002121442164702946,0,0.024490177930761952,0.016087603082330676,0.008215388775075135,0.0036709268830399026,0
15,0,0.011016553975285611,0.07210305432501747,0,0.22377010958265325,0.008102121706691535,0,0,0,0.034740032641641404,0.01614595476801119,0,0.005129400792725576,0.013756120307764044,0.004546514339006761,0,0,0.010608533457682442,0,0,0.01573793425040802,0.014630449988342268,0.040976917696432726,0,0,0.03170902308230356,0,0,0.15405688971788295,0.012532058754954532,0.0069946374446257864,0.005187689438097458,0,0,0,0.031942177663791094,0.006878060153882022,0.04937048262998368,0.01130799720214502,0,0.020342737234786662,0,0,0.04826299836791793,0.035847516903707154,0,0.009559337840988573,0.09763348099790162,0,0,0.0071112147353695485
16,0.004627230325016658,0.00181387428740653,0.1551047604945584,0.004849337380617458,0.07133338269045679,0.012289923743244245,0,0,0,0.037869252979936326,0.004553194639816392,0.006700229510624121,0,0.0052935514918190565,0,0.008551121640630785,0.0011845709632042646,0,0.00362774857481306,0.008069889686829052,0.00577478344562079,0,7.03339009402532e-4,9.994817502035982e-4,0.0026652846672095953,0.018768046198267562,0.012437995113644778,0,0.06178277929962241,0,0.002110017028207596,0.002924409565410528,0.0162508329014585,0.0059228548160213225,0.005885836973421189,0.004960390908417858,0.01132745983564078,0.14559117494632415,0.0031465166210113277,0,0.0071074257792255865,0.004590212482416525,0.0026282668246094616,0.030983934256311546,0.12748944991485897,0,0.0065151402976234545,0.1862737839638706,0.00373880210261346,0,0.0035537128896127933
17,0.01354998660797066,2.6097287942366203e-4,0.09716432363384135,0.02902293127485252,0.03812264351791442,0.02164701357745744,0.0031042037236709273,0,0.0010232883956348853,0.22430618986463746,0.017437108969912574,0.0020877830353892963,0.002341888207459704,0,0.0597971279247849,0.017134929846369384,0.00806955614007376,0.014655687491844595,0.003742900507523574,8.447280044502745e-4,0.00456015768256083,0.008254984238611625,0.026564292042387506,0.01144846815787486,0.018398587999368173,0.0578879052805802,0.007197357306210468,0.0026371996236496374,0.017450844384619083,0,0.0017924716191993627,0.008241248823905116,0.008110762384193285,0.02299308421869527,0,0.012306931577031641,0.006153465788515821,0.011881133721129877,0.005995508519390972,2.4723746471715346e-4,0.01227259304026537,0,0.03491542418394467,0.05455019950689861,0.007691832235644776,7.211092720916977e-4,0.005398017979657851,0.013481309534438119,0.002863833966307028,0.08131365506253051,3.571207823692217e-4
18,0.01899882591525241,0,0.057926596831495925,0.0014790418248631493,0.03815013036915051,0.012640470853727328,9.911105011969558e-4,0,0,0.3293078999130873,0.022536328011832318,0.0014790418248631493,0.0037967156122775693,0.07346415991949128,0,0.014073769116996773,0.007837396886388235,0.0576978790235274,0.003674732781361021,0,0.0032020493115593957,0.0015400332403214237,0.042861717213302196,0.003644237073631884,0.004909808944391073,0.005916167299452597,0.00115883689370721,0,0.01660491285851515,0.002348169495143557,7.47144839363859e-4,0.005443483829650972,0.003949194150923254,0.03446014973392492,0,0.055136239574279884,0.015080127472058294,0.0028361008188097503,0.008294832502325293,0.0015095375325922865,0.025448668099964912,0,0.03689980635225589,0.05262034368662609,0.007379961270451178,0,0.006236372230608537,0.005839928030129755,0.004513364743912291,0.004803073967339094,0.002561639449247517
19,0.019492859857740127,0.005728403105826137,0.18053971873812236,0.02082315252212629,0.0252484117934517,0.03966444046261605,0,0,0,0.16034098930336108,0.006732909811587119,0,0.0033664549057935596,0.05473204104903077,0.003882282673616766,0,0.0023619482000325777,0.0028506271379703527,0,0,0.002280501710376282,0.002932073627626649,0.005076831188575772,0.07731986751371016,0.014035945050768309,0.07827007655970027,0.003990877993158494,0.06578161481240155,0.010913829613943637,0,0,0.0017646739425530755,0.0042623662920128124,0.006027040234565889,0.0034750502253352872,0.012434164087527825,0.0013302926643861646,0.020741706032469994,0,0,0,0.007411630558722918,0.009909322908182654,0.07159146440788401,0.00942064397024488,0,0,0.020958896671553453,0,0.03659662268556224,0.007710267687462668
20,0.010988375455439245,0,0.06879301370655252,0.0530333699612515,0.03368804580417559,0.030102365392400673,0,0,0,0.08195014747556534,0.0013590885431727488,0,0.011740211670811403,0.03282054247874616,0.0030940951940315775,0.018738071829275345,0,0.002718177086345498,0.004915852177433347,0,0.0021398415360592217,7.51836215372159e-4,0.012202880111040424,0.0013012549881441214,0.004395350182175698,0.21433115493609387,0.009831704354866693,0.04210282806084091,0.014602972644728474,0,0.002515759643745301,0.04834885200393269,0,0.0075472789312359045,0,0.0015325892082586317,0.12743623850558095,0.014776473309814353,0.002544676421259615,0,0.006101440055520214,0.00896420102943728,0.0061592736105488405,0.08938175929674395,0,0,0.006997860158463941,0.011769128448325719,0.002255508646116477,0.003151928749060205,0.004915852177433348
21,0.01951578098693415,0,0.02368926513480828,0.00573854070332693,0.015318583860947095,0.006378791112375802,0,0,0,0.2522586611652556,0.031040288349813854,0,0.002134168030162908,0.023001588769533562,0.11465224917597402,0.01738161295677124,6.402504090488724e-4,0,0.007777856821038154,0.0010196580588556115,0.0022290199426145928,0.0012567878399848235,0.02584714614308411,0.0032486780014702047,0.015697991510753836,0.02802874012947286,0,0.011785350122121835,0.010931682910056674,0.0029878352422280713,0.003201252045244362,0,0,0.04851675321903677,0,0.10284318607573927,0.0076592919304735475,0.004078632235422446,0.03338787318299304,0,0.02219534751369424,0,0.08263972872353038,0.025112043821583545,0.004410613929003344,0,0.011714211187783074,0.002157881008275829,0.012283322662493181,0.01126366460363757,0.0059756704844561425
22,0.027731265912792166,0,0.023648416175424913,0.0319058650824598,0.06365116865839393,0.010597059430694772,0.0014679909168062023,0.0012615546941303303,0.0014450535587311054,0.08879051310870016,0.02199692639401794,0,0.0016973644975571715,0.020941807922563484,0,0.012065050347500975,0.004885657269995642,0.013441291832006791,0,0,0.004954469344220933,0,0.005734339518774228,0.01935913021538179,0.13214211987063332,0.01901506984425534,0.002844232401312017,0.004312223318118219,0.01447347294538615,0.0028212950432369203,0.006927082138679267,0.0076610775970823684,0.0025919214624859506,0.04300754639080671,0,0.001582677707181687,0.02883225910039682,0,0.005069156134596417,0,0.0461270270890199,0,0.02571277840218364,0.24916852076977775,0.004128724453517444,0,0.012363236002477237,0.024038351262701565,0.002041424868683625,0.0026836708947863383,0.006881207422529074
23,0.0036660411120324724,0.0039715445380351785,0.04342512983895608,0.0019203072491598666,0.03740234801204559,0.018068345480731475,0.011216340068956493,0.004538908043468776,0.005760921747479599,0.4435909745559287,0.01466416444812989,0,0,0.009645179592371147,0.006677432025487717,0,0.0018330205560162362,0,0.008466809234932138,0,0,0.0723606686160695,0.006197355213197751,0,0,0.01431501767555537,0,0.008161305808929433,0.004713481429756037,0.043381486492384255,0.00890324270065029,0.0020075939423034967,0.036311264347750206,0.009950683018373855,0,0.023349190415921102,0.005193558242046002,0.016497185004146125,0.02169074324619213,0,0.04002094880635449,0,0.01627896827128705,0.007681228996639466,0.005499061668048709,0.01553703137956619,0.027102518221097202,0,0,0,0
24,0.0031381025547540303,0,0.016029063256855648,9.635667595510299e-4,0.03434985286075158,0.002604234485273054,0.007083517799942707,0.08195525925154298,0.057553582124534486,0.1884814708716373,0.01924529284616787,0.0042969869007005385,9.375244146982994e-4,0.02089898174431626,0.00580744290215891,0.0010807573113883174,0,0.012122711528946067,0.01227896559806245,0.004440219797390557,0,0.015729576291049246,0.010560170837782233,9.896091044037604e-4,0.0033724836584286045,0.002174535795203,0,0.0023698533815984793,0.011289356493658689,0.005677231177895258,0.013685252220109898,0.011198208286674132,0.021550040365634522,0.07398630172660746,0.0021484934503502692,0.01958384332925336,0.001354201932341988,0.003971457590041407,0.08988515325919946,0.0011328420010937785,0.048464803770931535,0,0.008646058491106539,0.03782650589859111,9.896091044037604e-4,6.901221385973593e-4,0.11113570665902758,0.005820464074585276,0.020273965467850718,0.002226620484908461,0
25,0,0,0.033240315167432706,0.001008348184973267,0.0329002907794766,0.009227558390394897,0.030121470781352595,0.0027319200825438516,0.0015711471719350905,0.40248335052996914,0.010106931807522746,0.0017470218553606604,0.0026029453146984337,0.005475565143982741,0.0028726198292843073,0.0013483725729293687,0,0.002145671137791952,0.0075157114717193515,0.048904886971203446,0.004947941093706031,0,0.0037168183097270424,0.0015594221930400527,0,0.006519088265641122,0,0.0014773473407747866,0.005475565143982741,0.10483303630053473,0.009508957883875808,0.009356533158240315,0.039009004783791386,0.03653503423693838,0,0.007609511302879654,0.0014187224462995965,0.00758606134508958,0.017915767751618048,0.03852828064909484,0.02992214614013695,0,0.00635493856111059,0.012545727417690647,0.009872432229621987,0.010763530625644877,0.034471437951411686,0.0016297720664102805,0.002438795610167902,0,0
26,0.02652941526482663,6.290217012486929e-4,0.10854874493170015,0.012129918482187632,0.03978137245734976,0.004063140178336152,0.0022610780071912477,1.7000586520234944e-4,0,0.41486531285329337,0.02143773960201626,9.860340181736269e-4,0,0.01099937947859201,0.03081356306792584,0.001657557185722907,6.460222877689278e-4,0.012818442236257149,0.0030006035208214677,0.001929566570046666,0.008814804110741816,0.0031621090927636993,0,0.004105641644636738,0.00803277713081101,0.006604727863111276,0.0015045519070407925,3.06010557364229e-4,0.006120211147284579,0.0027795958960584134,0.0020655712622085452,0.009290820533308397,0.003400117304046989,0.025840891510757115,0,0.04277347568491112,0.005372185340394242,0.0040716404715962695,0.013149953673401727,0,0.017332097957379524,9.775337249135093e-4,0.04721912905995256,0.05158827979565294,0.0014025483879193828,0.0013090451620580907,0.009069812908545343,0.017315097370859293,0.0012750439890176208,0.0103618574840832,0.0014875513205205575
27,0.0014497349703257376,5.88954831694831e-4,0.2677328259260939,0.0035035261782872,0.044896479862275185,0.022334979386580894,0.004832449901085792,0.002990078376296834,0,0.1633368066566998,0.005194883643667226,0.002990078376296834,0.0020235883960796753,0.01282109364381824,0.013817786435917188,0.027499660218366334,0.003382714930760055,6.493604554584034e-4,0.0015554448119119895,0.005134478019903655,0.012050921940832694,0.0024313263564837892,0.0010117941980398379,0,0,0.011190141802201788,0.009075944970476755,0.004152886633745603,0.014044307525030582,9.513885742762654e-4,8.909829505126929e-4,0.019813044594451747,0.003865959920868634,0.010616288376447848,0.03465772663434967,0.010404868693275348,0.004938159742672044,0.015146710158715783,0.0013138223168576999,0,0.0062670834654706365,0.03178845950557998,0.006025460970416348,0.07522010299158853,0.0012534166930941273,0.004636131623854183,0.015161811564656675,0.01744212386173153,0,0.09891420891284979,0
28,0.1135312448745284,0,0.006560603575528947,0.06334262752173199,0.02768574708873216,0.006035755289486631,0,0,0,0.08584549778579627,0.04267672625881581,0.0019025750369033945,0.0043628013777267495,0.03283582089552239,0.020698704280793827,0,0.005904543217976052,0.011120223060521564,0.12901426931277676,0,0,0,0.025586353944562896,0.00311628669837625,0,0.030867639822863696,0,0.0025586353944562893,0.0025258323765786446,0.0016401508938822368,0.010923404953255698,0.004395604395604394,0.0062325733967525,0.017090372314252908,0,0.005281285878300802,0.024897490569132354,4.5924225028702635e-4,0,0,0.02437264228309004,0,0.13744464490733146,0.11779563719862225,0,0,0.005707725110710184,0.014170903723142527,0,0.013416434311956696,0
29,0.0162978842116082,0.001115891171245246,0.08715697358568132,0.03472477131572377,0.041390752786057215,0.02178924339642033,8.222355998649182e-4,0,0,0.155754915060126,0.017575285947112624,0,0.00321552850661459,0.08633473798581637,0.012685920683630166,0.036266463065470496,0.10912241032492981,0.00839854934147738,0.01311172126213164,9.69063385555082e-4,0.0037000601993921315,0.001336132849780492,0.018294742096994426,0.010600966126829836,0.011599395069522952,0,4.992144713465575e-4,0.012876796805027381,0.01616573920448705,0,0,0.009396978284170493,0.008163624884373116,0.011349787833849672,0.0017619334282819676,0.021613050053592132,0.043842776807082956,0.009411661062739508,0.004992144713465574,0.004184591892169673,0.007811238198716721,0.0021583684496454102,0.017002657582920987,0.08056440600819297,0.009470392177015573,0,0.006210815334693935,0.011423201726694756,0.0028925073780962296,0.02506350301731098,8.809667141409836e-4
30,0.01835188856692593,0,0.25728229373188954,0.003355192923593106,0.07401758934472064,0.02272380661888058,0,0,0,0.048141934827919265,0.01850439733618016,0,0.06156270652229169,0,0.008286309796146609,0.0025418128209038684,0.013776625489298965,0,0.004981953128971582,0,0,0.00442275430837273,0,0.026180672055309846,0.0065070408215139024,0.011539830206903561,0,0.011336485181231253,0.022876315388134814,0,0.010218087540033548,0.011488993950485483,0.0036093742056834926,0.014895023130496666,0.005134461898225814,0.00904885364241777,0.007574602206293526,0.15316964058766708,0.01408164302780743,0,0.00787961974480199,0.011844847745412026,0.011285648924813173,0.014030806771389352,0.029332519953230638,0,0.005083625641807737,0.061257688983783226,0,0.0031518478979207965,0.010523105078542013
31,0,0,0.1450935669483179,0.025918822248717024,0.03141361256544503,0.08195531595044322,0,0.005702140894717746,0,0.09164895547146339,0.017106422684153234,0,0,0.004198849204292158,0.0015551293349230213,0.07117308589497695,0.04478772484578302,8.294023119589447e-4,0.0020735057798973618,0.002280856357887098,0.02203099891140947,0.0191799284640506,0.011507957078430359,0.04001866155201908,0,0.056140168990721065,0.005080089160748536,0,0.04520242600176248,0,0,0.003991498626302422,0.013996164014307193,0,0.002591882224871702,0.006013166761702349,0.02643719869369136,0.006738893784666426,0.011352444144938056,0,0.010678554766471414,0.04478772484578302,0.003784148048312685,0.07998548545954072,0.01638069566118916,0,0.012544709968379038,0.004198849204292158,0,0.008553211342076617,0.02306775180135815
32,0.006214371345386931,0.001052039243510386,0.13073422552785463,0.0112299072737504,0.24097815183617535,0.036833606537322934,0.0037677684535023124,7.095148386465393e-4,0,0.06307342255278545,0.010581557507400976,0.01705282215643579,0.028001370097619462,0.01981748342426541,0.006911653169574048,0.0029114574413426964,0.0016392239375626943,0.008196119687813471,0.015988549898465987,0.0011254373302669245,0.007082915372005971,0.0029970885425586575,0.03242972133193062,0.02049029921953368,0.004122525872825582,0.019438259976023293,0.005639419665794046,0.0030093215570180807,0,0.003168350744990581,0.009443887162674627,0.018912240354268098,0.016086414014141365,0.0216646686076383,0,0.009394955104836934,0.018092628385486753,0.04628972671445698,0.010813984782130014,0.0022998067183715412,0.006459031634575392,0,0.0038900985980965435,0.04690137743742813,0.034350304602060046,0,6.238837374305777e-4,0.03216059501382331,5.871846940523084e-4,0.008416313948083088,0.008416313948083086
33,0.005314759185290333,0.0026078632027201013,0.013303403426534188,3.961311194005217e-4,0.012181031921566044,0.009441125012379101,0.02040075264912687,0,0.001881622817152478,0.3419601888225002,0.019179348364308593,0,0,0.014755884197669433,0,0,0,0.0032680817350543043,0.002508830422869971,0.1044135608886542,0.013006305086983798,0.18311160994289116,0,0.020532796355593706,0,0.002805928762420362,0.0013204370646684059,0,0.004159376753705478,0,0.0018486118905357682,0.007856600534777014,0.024395074769748795,0.01825504241904071,0,0.005809923084540986,0.0033341035882877242,0.016934605354372304,0.02330571419139736,0.010266398177796853,0.02528636978839997,0.0012874261380516957,0.008648862773578058,0.013468458059617739,0.0021787211567028696,0.031228336579407785,0.010893605783514346,0.01653847423497178,0,0.0019146337437691882,0
34,0.00839014974627191,0,0.023816195012608572,0.0011674605398337536,0.035179477600323784,0.005938482612621027,0.008911615454064319,0.025419507487313593,0,0.3306014756701224,0.031038884219046735,0.004062762678621463,6.615609725724604e-4,0.004965598829426232,0.009830017745400205,5.681641293857602e-4,0.002770773014538776,0.005292487780579684,5.370318483235266e-4,0.005206874007658541,0.019286448118053606,0.017153886865290627,0.002062513620372965,0,7.471747454936024e-4,0.00374365679773357,0.0016733601070950468,0,0.011627906976744184,0.0027474238037421004,0,0.0026540269605554003,0.08370692070608014,0.06038105912020176,9.261853616014446e-4,0.01523925157996326,4.5920114566794316e-4,0.003183275738613368,0.15826095077986366,0.006685657358114629,0.03616014445378412,5.525979888546434e-4,0.0072927368388281824,0.016375579838734788,0,0.002856386787459917,0.026096634600417182,0.010896298371781701,9.728837831947947e-4,0.003899318203044737,0
35,0.012073440811563835,0.004596004095920749,0.13695139666134834,0.005810492224894626,0.12528278522610908,0.08510942299907129,0,0,0,0.05541399757102375,0.009858785988140882,0.007382182744743172,0.0032386350105970047,0.008525230395542115,0.0025242302288476653,0.009311075655466388,0.01657419093658467,0.015026313909461101,0.00669159145571881,0.0018812659252732602,0.0011430476507989428,0.0017383849689233922,0.013930893244112114,0.0025242302288476653,0.002667111185197533,0.00881099230824185,0.0014049960707737004,0,0.021932226799704718,6.191508108494274e-4,0.004715071559545639,0,0.008930059771866741,0.013740385302312292,0,0.004691258066820661,0.05031791012787846,0.030647965137046658,0.007858452599242732,0.0013811825780487225,0.010168361393565594,0.0017383849689233922,0.021908413306979735,0.20462934298573568,0.004381682661395947,0.001905079417998238,0.02381349272497798,0.016193175052985023,0,0.031957707236920443,0
36,0.006418568202841297,0.0011189071064739075,0.023614191135185793,9.169383146916139e-4,0.040716908423310424,0.008115106053812564,0.026058013515751554,0.00606310312930446,0.0026579092998549863,0.40139681616396655,0.03763486466071263,0.0017005772268069137,0,0.00410400584901621,0.003009334997556177,0.002771011823253071,2.1408691928923143e-4,0.002516531145607381,0.0018217585018762898,0.005861134337522166,0.01708252040894641,0.023153702289922168,0.00910879250938145,0.0015834353275731832,9.573320730480727e-4,0.0033648000710930145,0.0012966396432423262,6.301426303607566e-4,0.016193857725104316,0.008430177368992943,0.07941412892879794,0.00410400584901621,0,0.07658656584384584,0,0.010562967810213965,0.0026781061790332157,0.007165852732435783,0.04579036447288165,0.004451392170881755,0.03846293670702003,0,0.007533435933479559,0.024325121282259464,0.0014582146766681612,0.005844976834179583,0.023513206739294648,0.007598065946849895,0.0010906314756243863,6.705363887172154e-4,2.3832317430310667e-4
37,0.013924735021983744,0,0.01591398288226713,5.100635539188184e-4,0.039876768645373234,0.010537913023962786,0.009905434217103453,0.002448305058810328,0.0050394279127179255,0.22320381119487495,0.06372734042661715,0.0017342160833239827,0.002703336835769738,0.006651228743101392,0.01881114386852602,0.004100910973507299,0.005039427912717926,0.010048252012200722,0.0032338029318453093,0.0012853601558754223,0.018331684127842335,0.013985942648454,0.015852775255796876,0.006324788068593349,0.00294816734165077,0.0053454660450692176,0.001326165240188928,0,0.008405847368582128,0.002937966070572394,0.018800942597447644,0.004610974527426118,0.04110092117477837,0,0,0.033470370408152865,0.003244004202923685,0.003968294449488407,0.025125730666040992,0.0034174258112560836,0.141134585369337,2.550317769594092e-4,0.045783304599753126,0.04434492537770208,0.008589470247992902,0,0.08367082538484295,0.004049904618115418,0.015607944749915843,0.007324512634274233,0.0013465677823456805
38,0.016967607295163785,0,0.36067507485709116,0,0.02005262680337538,0.044369839397513856,0,0,0,0.02232102350058979,0.014971418201615102,0,0.011432719353960624,0.0058978314127574654,0,0,0.008710643317303333,0,0,0,0,0,0.010616096542963437,0.2206696307050177,0,0,0.03947010253153073,0.01941747572815535,0.009073586788857639,0,0.005716359676980312,0,0,0,0,0.01551583340894656,0,0.008347699845749026,0,0,0.01678613555938663,0.0460938208873968,0,0.013882587786952187,0.00626077488431177,0,0.01052536067507486,0.0722257508393068,0,0,0
39,0.0077851206568539146,0,0.04517539467975038,0.0031541003304295604,0.024606989085811576,0.01665498481359101,0.0013517572844698117,0.0015770501652147804,0.003020593438136246,0.36630953572978214,0.024590300724274903,0.0012850038383231544,9.512366075898676e-4,0.013267247421648152,0.03820800373819301,0.005023196822535967,0.004096992757251096,0.05951904142051335,0.007676646306865597,0.001368445646006476,0.005757484730149198,0.003971830045726113,0.03507059176930012,0.003771569707286141,0.006742098060812396,0.010530356129635201,0.003487867561162848,3.587997730382834e-4,0.014235172390774686,0.0038049464303594703,0.0011598411267981718,0.008744701445212114,0.011731918160275034,0.05264343646740766,0.0019692266613263927,0,0.002912119088147928,0.007751743933780586,0.036530823403758246,0.001168185307566504,0.03759053436133643,2.7535796535496166e-4,0.03018924601982579,0.02161142818998033,8.344180768332172e-4,2.5032542304996515e-4,0.02429825439738328,0.009395547545142024,0.02430659857815162,0.013000233637061523,2.8370214612329385e-4
40,0.014983551267519974,0,0.06355569070853952,0.09241699610206511,0.051557791723108384,0.04381721173250769,0,0,0,0.05982362535592847,0.013407790340861972,0.005998949492715562,0.0021286594974151995,0.04055511016504023,0.005363116136344788,0.015066486053133555,0.05667210350261246,0.0034279711386946067,0.010809167058303155,0.0071600364913056705,0.009786304702402345,0,0.015038841124595694,0.017720399192768087,0.004644347994360435,0.05012025543913969,0,0.009952174273629502,0.01445829762530064,0,0.0026539131396345343,0.009896884416553784,0.0030962319962402896,0.018328587620601,6.911232134464933e-4,0.01559173969535289,0,0.0016863406408094436,0.003925579852376082,0,9.952174273629504e-4,0,0.005473695850496227,0.2526746468360379,0.001879855140574462,0,0.0060265944212534225,0.03154286346169795,0,0.034749675172089683,0.0023221739971802176
41,9.842822429331614e-4,0.002214635046599613,0.18867460244225032,0.01024268709052321,0.25116114545846036,0.016317554058626314,0,0,0,0.03143551413367784,0.0073821168219987115,0.005136722955307435,0.04486173910368801,0.00406016425209929,0.014225954292393348,0.0028298114484328393,0.013456983790101816,0.006859216880440468,0.0012457322137122825,8.612469625665163e-4,0.0011688351634831292,0.0035065054904493877,8.612469625665163e-4,0.015933068807480546,0,0.007320599181815387,0.004429270093199226,0.0013687674940789276,0.05264372058687832,0,5.075205315124114e-4,0.00665928454984467,0.004859893574482485,0.0072437021315862335,8.766263726123468e-4,0.009043093106948421,0.0043216142228784124,0,0.007274460951677895,0,0.0023222909169204275,0,0.0027990526283411775,0.024637814893420696,0.02210021223585864,0.0011534557534372985,0.002230014456645444,0.21140537048998803,0,0.0016148380548122176,0.0017686321552705243
42,0.00713696491176384,8.543735085290046e-4,0.037172612909878326,8.322776419291164e-4,0.03835105912853902,0.009508587926818489,0.00928026397195298,0.0391023185929352,0.004043543587779513,0.32611289514774783,0.019761070029166546,0.0010606015967946263,8.985652417287806e-4,0.005575523672038418,0.005258816250773355,0.0015246147953922751,0.002651503991986566,0.0022390478154553223,0.001686651150458121,0.008764693751288924,0.04092154494299266,0.011931767963939546,0.014030875290928911,0.002872462657985446,0.004168753498512211,0.0036605485667147862,0.0010532363079279968,0.0010090445747282207,0.00271779159178623,0.006916006245764958,0.11595910791621247,0.007004389712164511,0.03456530065109152,0.04824264207642224,0,0.0268022861856642,0.004684323719176265,0.0048463600742421125,0,0.005185163362107062,0.049089650296084614,1.9149751053236308e-4,0.009552779660018265,0.021749698023156464,4.4191733199776094e-4,0.0014288660401260938,0.04198214653978729,0.004669593141443007,0.006142650914768877,0.004537017941843679,0.0018265916389240786
44,0,0,0.006257822277847308,0,0.13133604505632038,0.003520025031289111,0.08659261576971213,0,0,0.3536451814768461,0.007118272841051314,0,0,0,0.008604505632040049,0,0,0,0.005240926157697121,0.02956821026282853,0,0.11631727158948685,0.003754693366708385,0,0,0,0,0,0.006257822277847308,0.03410513141426783,0.06523779724655819,0.004145807259073842,0.05413016270337922,0.01157697121401752,0,0,0,0,0.012359198998748435,0,0.022371714643304126,0,0,0,0,0.003363579474342928,0.026439299123904875,0.00805694618272841,0,0,0
45,0.006090012379697296,0,0.012799009624216286,5.191485963020646e-4,0.020905714628010066,0.025298510442873685,0.007008506050077871,0.012339762789025998,0,0.18327942174833267,0.08673775008985264,0,0.0089053951519508,0.009823888822331376,0.011940417714947481,0.002635677488918174,0.010602611716784472,0.022622898446547655,0.02276266922247514,0.01048280819456092,0.026336807635477816,0.003853679964857633,0.021804241044686715,0.005451060261171679,0.0016373148037218959,0.01980751567429416,0,8.985264166766502e-4,0.0017571183259454492,0.006988538796373946,0.017111936424264205,0.002356135937063216,0.02338165408729683,0.20861786669861423,0,0.03334531368555569,0.0016972165648336725,0.004312926800047921,0.01605367197795615,0,0,4.1931232778243675e-4,0.038596701409688114,0.026197036859550334,0.016812427618705324,8.386246555648735e-4,0.03456331616149514,0.008745657122319395,0.0036939419352262286,0.01846970967613114,0.001497544027794417
46,0,0,0.2674161561296026,0.020716225604749568,0.02943219857260152,0.007263310806543293,0,0,0,0.05678014273984714,0,0,0,0,0,0.019516200341059806,0,0.006000126318448808,0.017558264384513352,0,0,0.002779005873807869,0.02103202172677319,0.13326596349396821,0,0.014273984715467689,0.007768584601781088,0.12189730310111789,0.024253142171414128,0,0,0.008147539948209433,0,0.005431693298806289,0.045537800795806216,0.03366386660771805,0.0031579612202362146,0.009789679782732265,0.014779258510705483,0.0073896292553527415,0.0010105475904755887,0,0.011810774963683442,0.033095433588075526,0.005052737952377944,0,0,0.041937725004736935,0,0.012000252636897616,0.017242468262489735
47,0.04611970316942924,4.715999722588252e-4,0.02382966918649005,0.05141826756363131,0.02403772799778071,0.014037034468409737,0.00263541160968167,0,0.0015535057909702478,0.18110825993480817,0.08107358346625977,9.431999445176503e-4,1.6644704903252653e-4,0.021111034052292116,0.04109855052361467,0.002441223385810389,0.008613634787433247,0.04313752687426313,0.010333587627436025,0.005312434981621472,0.005145987932588946,9.986822941951592e-4,0.03333102156876345,0.004438587974200708,0.07022678410430683,0.023885151536167562,0,0.0011651293432276858,0.010624869963242944,0.0012067411054858175,0.00890491712324017,0.00288508218323046,0.008266870101948817,0.05655038490880092,5.132117345169569e-4,0.03718704487135031,0.01069422290033983,6.796587835494834e-4,0.017906928358415976,0,0.028268257160690757,0.0025244469103266527,0,0.037492197794576604,9.84811706775782e-4,2.219293987100354e-4,0.027796657188431925,0.011470975795824954,0.011013246410985507,0.025618974963589707,5.548234967750885e-4
48,0.014393114162752905,7.023934951219367e-4,0.04524485556289696,0.03811377584123526,0.08381697292213551,0.03839949522908147,0.0014881218116990183,3.4524426031417227e-4,0.0022202777430549354,0.0927992761775508,0.03663755900402984,0.001214307398346399,0.011684732465460692,0.014333589290284944,0.020625368310148398,0.016464579724637936,0.019357488526580834,0.008000142859693922,0.06481068114311563,0.007148937183402084,0.005208426340946565,0.005672720346196659,0.017720554533711907,0.014012154978957957,0.017351500324410556,0.037512574629308855,0.0010119228319553325,0.008208479913331785,0.018559855235510157,0.0019821782531830924,0.011119246177015067,0.06037607814425256,0.017690792097477936,0.03333392858205802,0.0021726578450805673,0.015155032530342803,0.07350131252343793,0.01551813425239736,0.01612528795157056,2.5000446436543506e-4,0.00912516294933838,0.00438103061364191,0.023345654981934204,0,0.012357363524348648,0.002041703125651053,0.01239903093507622,0.022964695798139256,0.002648856824824253,0.016036000642868625,0.004416745537122686
49,0.010139738268005957,0.004404448810165088,0.12582781456953643,0.01571659431540923,0.1351436991032669,0.05206121866979308,0,0,0,0.04775182990589055,0.0048480623593903475,0.028232833739979084,0.10396400392914855,0.012452866060394814,0.008745524256155136,0.006052156278716056,0.00364396844006464,0.01048829177096866,0.012547926106657371,0.003929148578852308,0.016096834500459456,0.014924427263221266,0.003865775214677271,4.4361354922526063e-4,0.0037073418042396773,0.03770715168414714,0.017079121645172533,0.006907696695079058,0.04749833644919041,0.003041921480401787,0.0018061408789885607,0.012769732881270002,0.010424918406793623,0.011565638961944293,0,0.005671916093665832,0.003390474983364492,0.03887955892138534,0.00985455812921829,0,0.0026616812953515635,0,0.011217085458981589,0.03878449887512278,0,0,0.02509585221331474,0.057701448081371384,0,0,0.032954149371019356
50,0,0,0.01856598112146027,0,0.03463149340501344,0.019378633493780086,0.022816778145902356,0,0,0.3921985372257298,0,0,0,0,0,0.016128024004500845,0,0.0050634493967618936,0,0.025692317309495533,0.015502906795024068,0.02519222354191411,0.017753328749140464,0.003500656373069951,0,0.017628305307245108,0,0,0,0.08820403825717321,0.056073013690066884,5.626054885290992e-4,0.054947802713008684,0.031818465962367946,0,0,0,0.021941614052634867,0.03400637619553666,0.00406326186159905,0.0411952241045196,0,0.03263111833468775,0,0,0,0.014940301306494966,6.876289304244546e-4,0,0,0.00487591423391886
51,0.017675885540906055,0,0.019352649386683705,0.015030990188935354,0.0520994480652341,0.017286636790993383,0.005239887018055154,0.007974609004621082,0.012645594003573105,0.22041459982234285,0.02547084127633667,0.0019063208008543513,0.003123970736478596,0.007874801632848602,0.01686744582954897,0.0019562244867405904,0.007535456568822174,0.006148134101184714,0.006237960735779945,0.0043715628836345855,0.07314882277204995,0.011687443234557301,0.014811413971035902,0.008134300799457048,0.0034034313774415383,0.00606828820376673,0.005888634934576267,0,0.002944317467288134,0.007385745511163455,0.008922779036459634,0.005569251344904335,0.021378739033665026,0.11778267942870257,0,0.020131146886509035,0.00339345064026429,0.01032008224127434,0.030281556595770164,0.0018963400636771034,0.06304831674867506,3.7926801273542067e-4,0.03791682053636481,0.04260776700967133,0.003613026858163744,0.004581158364356791,0,0.012485902208737137,0.02755681534638149,0.00544948249877736,0
53,0.002812745451843676,0.01578321693166621,0.26411149086123087,0.009128155051266266,0.16472074214023394,0.022459507079627235,0,6.474621606130724e-4,0,0.03720253890080032,0.010921943660177895,0.02158914810962277,0.06321778079690915,0.0017619462075700004,0.0038847729636784347,0.00410766977306982,0.005986371452225784,6.580762943936146e-4,7.960600335406629e-4,0,0.0034708217462372896,0.0028339737194047598,0.015188825439955847,0.01134650901139958,7.642176321990363e-4,0.010285095633345363,0.0132888954932388,0.00850192115821428,0.03648077780372345,0,0.0030144139936739765,0.005169083151124038,0.003821088160995182,0.0059651431846647,0.003492050013798374,0.00899017131211922,0.005211539686246206,0.12499203939966454,0.014084955526779463,4.35179485002229e-4,0.004786974335024519,0.004585305793194218,0.0036088054853843383,0.03330715180334133,0.02435943702634428,0,0.008565605960897532,0,0.0012736960536650606,0.007557263251746026,0.004829430870146688
54,7.982969664715271e-4,0,0.004523682810005321,0.0347449251121417,0.014255302972705844,0.0021287919105907396,0.005093894928913555,0.0033452444309283046,0.0016726222154641523,0.21808712841176917,0.027978407967764,0,0,0.006272333307990571,0.01642210902455713,0.002242834334372386,0.0011784383790770163,0.030069185737094193,6.462404014293316e-4,0,0.09499733901011173,0.0011784383790770163,0.032692161484072065,0,0.007222686839504294,0,0,0.0020527636280696414,0.008629210066144604,0,7.982969664715271e-4,0,0.007336729263285941,0.07473580171823918,0,0.12597886413745912,0,0,0.05633695734813349,0,0.056603056336957336,0,0.0037253858435337935,0.00840112521858131,0.0029270888770622666,0.0020907777693301905,0.13609062571276515,0.00874325248992625,0,0,0
55,0.021918056562726617,0,0.1497824510514866,0.00821247280638144,0.05723350253807109,0.016932559825960848,4.350978970268312e-4,0,0.0023205221174764333,0.206907179115301,0.012835387962291517,0,0,0.08486221899927489,0.02175489485134156,0.029405366207396685,0.007414793328498915,0.0023205221174764333,0.00422407541696882,0,0.0010696156635242933,0.0028825235678027563,0.016298042059463384,0.10774111675126906,0.017023205221174773,0.026414068165337215,0,0.0017947788252356787,0.0057650471356055135,0.0044597534445250196,0.0013415518491660628,0.012871646120377089,0.005511240029006529,0.009263959390862948,0.003535170413343003,0.013288614938361136,0.009427121102248009,0.007124728063814361,0.004332849891225528,0,0.009916606236403195,0.007179115300942715,0.007451051486584483,0.07340464104423497,0.006834662799129807,0,0.006635242929659176,0.011874546773023935,0,0,0
56,0,0.0015057519725350842,0.17936517496837925,0,0.10227067397458292,0.14262482683852318,0.008432211046196472,0.003372884418478589,0,0.026561464795518887,0.02126121785219539,0,0.04234174546768657,0.00999819309763296,0.017767873275913993,0,0.03101849063422274,0,0,0,0.006143468047943144,0,0.018249713907125223,0.014154068541829793,0,0.017828103354815397,0.08263566825272542,0.023549960850448717,0.039270011443714996,0,0,0.01626212130337891,0,0.002891043787267362,0.012889236884900322,0.0161416611455761,0,0.017647413118111185,0.0051195567066192865,0,0.0030115039450701684,0.01855086430163224,0.0059627778112389335,0.05023188580377041,0.02053845690537855,0,0.01981569595856171,0.005601397337830514,0.005240016864422093,0.011744865385773656,0
