market,zone,inc_mu,inc_sig,firm,x,share,p,mc,active,micro1,micro2
1,30,.6518715,1,1,1.30968,.0237751,2.825035,.1232304,1,12.0892,3.016548
1,30,.6518715,1,2,-1.061937,.0003441,2.460344,.2331374,1,9.69542,3.037952
2,20,1.420432,1,1,-.0208164,.0031364,3.04175,.0594141,1,12.0892,3.016548
2,20,1.420432,1,2,0,0,0,0,0,9.69542,3.037952
3,29,2.73652,1,1,2.607496,.6773186,2.040111,.6230252,1,12.0892,3.016548
3,29,2.73652,1,2,0,0,0,0,0,9.69542,3.037952
4,28,-1.392104,1,1,4.820977,.5959616,2.007477,.2396621,1,12.0892,3.016548
4,28,-1.392104,1,2,-.445233,.0002407,1.456939,.283836,1,9.69542,3.037952
5,10,-.4351293,1,1,2.618154,.1514468,1.541668,.2136131,1,12.0892,3.016548
5,10,-.4351293,1,2,1.242402,.4239753,1.505718,.6152407,1,9.69542,3.037952
6,45,-2.453088,1,1,4.149778,.5821875,1.440482,.2723665,1,12.0892,3.016548
6,45,-2.453088,1,2,0,0,0,0,0,9.69542,3.037952
7,16,1.805038,1,1,3.176763,.4812317,2.129302,.8549012,1,12.0892,3.016548
7,16,1.805038,1,2,0,0,0,0,0,9.69542,3.037952
8,55,-1.939561,1,1,2.401114,.4700278,1.208332,.2857859,1,12.0892,3.016548
8,55,-1.939561,1,2,0,0,0,0,0,9.69542,3.037952
9,24,-1.812224,1,1,.547608,.018711,1.664243,.3579144,1,12.0892,3.016548
9,24,-1.812224,1,2,0,0,0,0,0,9.69542,3.037952
10,54,-1.920318,1,1,.2776733,.0003043,3.142282,.5323015,1,12.0892,3.016548
10,54,-1.920318,1,2,-.4996623,.1374909,1.199866,.6354085,1,9.69542,3.037952
11,49,-2.002778,1,1,-4.035387,1.78e-06,3.144795,.451163,1,12.0892,3.016548
11,49,-2.002778,1,2,0,0,0,0,0,9.69542,3.037952
12,22,-.0149599,1,1,-3.551211,.0007613,.9934634,.5415742,1,12.0892,3.016548
12,22,-.0149599,1,2,.9035115,.0522657,1.433391,.8866115,1,9.69542,3.037952
13,52,-.9582495,1,1,0,0,0,0,0,12.0892,3.016548
13,52,-.9582495,1,2,2.42163,.5441554,1.599249,.4924622,1,9.69542,3.037952
14,28,-2.30821,1,1,-3.402358,.0001171,2.007477,.7374834,1,12.0892,3.016548
14,28,-2.30821,1,2,0,0,0,0,0,9.69542,3.037952
15,39,-1.471169,1,1,-4.332936,.0000465,1.561964,.0490311,1,12.0892,3.016548
15,39,-1.471169,1,2,-3.521127,.0002579,1.385112,.5444077,1,9.69542,3.037952
16,33,-2.299924,1,1,4.315891,.3282048,1.543918,.0759676,1,12.0892,3.016548
16,33,-2.299924,1,2,3.963586,.3791245,1.757742,.9558313,1,9.69542,3.037952
17,6,.9876669,1,1,-3.158537,.0006196,2.175318,.0271243,1,12.0892,3.016548
17,6,.9876669,1,2,0,0,0,0,0,9.69542,3.037952
18,58,1.088422,1,1,4.287055,.7299593,2.689761,.8336107,1,12.0892,3.016548
18,58,1.088422,1,2,1.015306,.0591815,.8529257,.2501741,1,9.69542,3.037952
19,31,1.010653,1,1,-.146616,.0171281,1.880693,.4605848,1,12.0892,3.016548
19,31,1.010653,1,2,-4.76771,.0000103,1.487718,.7099733,1,9.69542,3.037952
20,27,2.167686,1,1,4.739708,.8088729,2.506603,.0114818,1,12.0892,3.016548
20,27,2.167686,1,2,0,0,0,0,0,9.69542,3.037952
21,5,-1.008693,1,1,-.1694225,.0339653,1.941485,.350742,1,12.0892,3.016548
21,5,-1.008693,1,2,.7607014,.0176009,1.407789,.9376613,1,9.69542,3.037952
22,37,1.286928,1,1,3.34562,.4470118,1.761158,.7582726,1,12.0892,3.016548
22,37,1.286928,1,2,0,0,0,0,0,9.69542,3.037952
23,36,.766179,1,1,3.416773,.6314241,1.853332,.3516572,1,12.0892,3.016548
23,36,.766179,1,2,-.9833199,.0180859,1.395871,.2672451,1,9.69542,3.037952
24,12,2.997753,1,1,0,0,0,0,0,12.0892,3.016548
24,12,2.997753,1,2,0,0,0,0,0,9.69542,3.037952
25,54,.9767939,1,1,-2.646527,.0004818,3.142282,.9434121,1,12.0892,3.016548
25,54,.9767939,1,2,0,0,0,0,0,9.69542,3.037952
26,19,-1.067301,1,1,0,0,0,0,0,12.0892,3.016548
26,19,-1.067301,1,2,.0359313,.0213721,1.268405,.6023836,1,9.69542,3.037952
27,36,2.240145,1,1,-2.55948,.0015321,1.853332,.616281,1,12.0892,3.016548
27,36,2.240145,1,2,-3.234962,.0002842,1.395871,.6892086,1,9.69542,3.037952
28,52,1.724149,1,1,-3.224863,.0002241,1.813945,.6564527,1,12.0892,3.016548
28,52,1.724149,1,2,-4.382112,.0000429,1.599249,.535659,1,9.69542,3.037952
29,26,-2.582565,1,1,0,0,0,0,0,12.0892,3.016548
29,26,-2.582565,1,2,0,0,0,0,0,9.69542,3.037952
30,11,-1.316094,1,1,-3.315657,.0000458,2.834084,.8994656,1,12.0892,3.016548
30,11,-1.316094,1,2,0,0,0,0,0,9.69542,3.037952
31,27,.0810585,1,1,-1.48979,.0114953,2.506603,.3794661,1,12.0892,3.016548
31,27,.0810585,1,2,0,0,0,0,0,9.69542,3.037952
32,48,2.243574,1,1,0,0,0,0,0,12.0892,3.016548
32,48,2.243574,1,2,0,0,0,0,0,9.69542,3.037952
33,7,1.292325,1,1,.8553312,.0029436,1.688325,.9509271,1,12.0892,3.016548
33,7,1.292325,1,2,4.6251,.6588093,2.431831,.7159587,1,9.69542,3.037952
34,46,2.366449,1,1,-4.74235,.0000817,1.503581,.3620194,1,12.0892,3.016548
34,46,2.366449,1,2,0,0,0,0,0,9.69542,3.037952
35,8,.7105106,1,1,-.4173068,.0051764,2.162823,.7157792,1,12.0892,3.016548
35,8,.7105106,1,2,0,0,0,0,0,9.69542,3.037952
36,26,1.188949,1,1,.2247928,.2494505,1.03133,.6792048,1,12.0892,3.016548
36,26,1.188949,1,2,0,0,0,0,0,9.69542,3.037952
37,11,2.821939,1,1,.9221339,.2239865,2.834084,.221998,1,12.0892,3.016548
37,11,2.821939,1,2,-3.835114,.0000259,2.615286,.2735764,1,9.69542,3.037952
38,28,.8594552,1,1,-.9775671,.0012874,2.007477,.6945047,1,12.0892,3.016548
38,28,.8594552,1,2,-2.359745,.0015262,1.456939,.7246118,1,9.69542,3.037952
39,31,.1850367,1,1,2.920767,.133856,1.880693,.2460049,1,12.0892,3.016548
39,31,.1850367,1,2,0,0,0,0,0,9.69542,3.037952
40,47,-.529774,1,1,3.248923,.2034326,1.318672,.3079315,1,12.0892,3.016548
40,47,-.529774,1,2,3.401795,.5591437,2.097891,.4486939,1,9.69542,3.037952
41,15,2.030148,1,1,-.3694102,.0234653,1.29275,.0603655,1,12.0892,3.016548
41,15,2.030148,1,2,0,0,0,0,0,9.69542,3.037952
42,25,1.270848,1,1,0,0,0,0,0,12.0892,3.016548
42,25,1.270848,1,2,0,0,0,0,0,9.69542,3.037952
43,29,1.331765,1,1,-2.509092,.0003774,2.040111,.1337236,1,12.0892,3.016548
43,29,1.331765,1,2,0,0,0,0,0,9.69542,3.037952
44,39,-.5849521,1,1,4.056682,.6144053,1.561964,.3321531,1,12.0892,3.016548
44,39,-.5849521,1,2,-4.988859,.0000232,1.385112,.7257969,1,9.69542,3.037952
45,27,-2.212032,1,1,0,0,0,0,0,12.0892,3.016548
45,27,-2.212032,1,2,.5364084,.0060006,2.61161,.2310613,1,9.69542,3.037952
46,22,1.295176,1,1,-.5544665,.0853994,.9934634,.3437603,1,12.0892,3.016548
46,22,1.295176,1,2,0,0,0,0,0,9.69542,3.037952
47,59,-.5443093,1,1,0,0,0,0,0,12.0892,3.016548
47,59,-.5443093,1,2,0,0,0,0,0,9.69542,3.037952
48,1,-.1868762,1,1,-.0791208,.0086945,1.677043,.6974601,1,12.0892,3.016548
48,1,-.1868762,1,2,4.620287,.528811,1.461716,.3723353,1,9.69542,3.037952
49,27,.98207,1,1,.3445348,.0129887,2.506603,.4240403,1,12.0892,3.016548
49,27,.98207,1,2,0,0,0,0,0,9.69542,3.037952
50,54,-.957081,1,1,0,0,0,0,0,12.0892,3.016548
50,54,-.957081,1,2,0,0,0,0,0,9.69542,3.037952
51,13,1.510817,1,1,2.395424,.2079912,2.41718,.1903482,1,12.0892,3.016548
51,13,1.510817,1,2,1.246375,.1712171,1.225348,.3675959,1,9.69542,3.037952
52,53,1.866255,1,1,0,0,0,0,0,12.0892,3.016548
52,53,1.866255,1,2,.8561147,.0232336,1.165532,.475501,1,9.69542,3.037952
53,59,-1.560386,1,1,-4.251197,1.59e-06,3.411686,.0096091,1,12.0892,3.016548
53,59,-1.560386,1,2,0,0,0,0,0,9.69542,3.037952
54,56,-2.483282,1,1,-.3840245,.0082626,1.389676,.9778706,1,12.0892,3.016548
54,56,-2.483282,1,2,0,0,0,0,0,9.69542,3.037952
55,4,-2.052464,1,1,4.638495,.6142856,2.243272,.9402824,1,12.0892,3.016548
55,4,-2.052464,1,2,0,0,0,0,0,9.69542,3.037952
56,48,2.50382,1,1,-4.896783,.0028939,3.515329,.7755325,1,12.0892,3.016548
56,48,2.50382,1,2,0,0,0,0,0,9.69542,3.037952
57,4,.9728996,1,1,0,0,0,0,0,12.0892,3.016548
57,4,.9728996,1,2,0,0,0,0,0,9.69542,3.037952
58,35,-2.267296,1,1,-.8382878,.0012287,1.581192,.9093469,1,12.0892,3.016548
58,35,-2.267296,1,2,0,0,0,0,0,9.69542,3.037952
59,36,-1.367463,1,1,3.46526,.0627196,1.853332,.7009716,1,12.0892,3.016548
59,36,-1.367463,1,2,2.823908,.0810132,1.395871,.4042339,1,9.69542,3.037952
60,52,-.4773618,1,1,3.619182,.7171579,1.813945,.2041531,1,12.0892,3.016548
60,52,-.4773618,1,2,-1.065464,.0153011,1.599249,.9597172,1,9.69542,3.037952
61,59,2.439915,1,1,4.266727,.7062272,3.411686,.2610565,1,12.0892,3.016548
61,59,2.439915,1,2,0,0,0,0,0,9.69542,3.037952
62,41,-.93621,1,1,0,0,0,0,0,12.0892,3.016548
62,41,-.93621,1,2,0,0,0,0,0,9.69542,3.037952
63,25,-.2005722,1,1,-4.585031,.0000276,2.268338,.8689814,1,12.0892,3.016548
63,25,-.2005722,1,2,-2.511609,.0013935,2.493777,.8060761,1,9.69542,3.037952
64,53,1.864768,1,1,0,0,0,0,0,12.0892,3.016548
64,53,1.864768,1,2,0,0,0,0,0,9.69542,3.037952
65,19,-.6788077,1,1,-3.758179,.000168,1.408412,.503589,1,12.0892,3.016548
65,19,-.6788077,1,2,1.265965,.2377521,1.268405,.5588838,1,9.69542,3.037952
66,32,-.2306074,1,1,0,0,0,0,0,12.0892,3.016548
66,32,-.2306074,1,2,0,0,0,0,0,9.69542,3.037952
67,41,.4284163,1,1,3.332126,.410122,2.049694,.1408598,1,12.0892,3.016548
67,41,.4284163,1,2,0,0,0,0,0,9.69542,3.037952
68,25,2.464677,1,1,0,0,0,0,0,12.0892,3.016548
68,25,2.464677,1,2,3.724639,.6100382,2.493777,.4595833,1,9.69542,3.037952
69,30,2.035033,1,1,4.849133,.7204876,2.825035,.5786589,1,12.0892,3.016548
69,30,2.035033,1,2,0,0,0,0,0,9.69542,3.037952
70,10,.2542419,1,1,2.828544,.2216123,1.541668,.819915,1,12.0892,3.016548
70,10,.2542419,1,2,-1.370996,.0014356,1.505718,.8646701,1,9.69542,3.037952
71,46,-1.793861,1,1,-1.819748,.0097837,1.503581,.4578147,1,12.0892,3.016548
71,46,-1.793861,1,2,-1.592372,.0011507,2.223533,.6470879,1,9.69542,3.037952
72,47,2.201854,1,1,3.282067,.2585731,1.318672,.120472,1,12.0892,3.016548
72,47,2.201854,1,2,3.803781,.5897821,2.097891,.9476652,1,9.69542,3.037952
73,47,1.620704,1,1,3.246548,.6276667,1.318672,.0958603,1,12.0892,3.016548
73,47,1.620704,1,2,0,0,0,0,0,9.69542,3.037952
74,24,-1.315898,1,1,3.961992,.5732865,1.664243,.5492482,1,12.0892,3.016548
74,24,-1.315898,1,2,2.328261,.1011346,1.61873,.9043995,1,9.69542,3.037952
75,3,.1004098,1,1,0,0,0,0,0,12.0892,3.016548
75,3,.1004098,1,2,0,0,0,0,0,9.69542,3.037952
76,59,-2.584468,1,1,0,0,0,0,0,12.0892,3.016548
76,59,-2.584468,1,2,-3.605163,.0000795,1.624105,.2237688,1,9.69542,3.037952
77,13,-1.081462,1,1,4.850793,.8508451,2.41718,.5885029,1,12.0892,3.016548
77,13,-1.081462,1,2,-4.76586,4.57e-06,1.225348,.2492115,1,9.69542,3.037952
78,42,-.040255,1,1,-2.350875,.004134,1.138756,.3566014,1,12.0892,3.016548
78,42,-.040255,1,2,0,0,0,0,0,9.69542,3.037952
79,38,-1.16689,1,1,0,0,0,0,0,12.0892,3.016548
79,38,-1.16689,1,2,2.639657,.2444624,1.913254,.3435378,1,9.69542,3.037952
80,20,1.369278,1,1,.2880812,.0017168,3.04175,.6440281,1,12.0892,3.016548
80,20,1.369278,1,2,.5028608,.0819478,1.577091,.6348565,1,9.69542,3.037952
81,43,2.672599,1,1,2.227571,.3830367,2.173529,.2472447,1,12.0892,3.016548
81,43,2.672599,1,2,0,0,0,0,0,9.69542,3.037952
82,50,-.5174034,1,1,-1.310227,.0008102,1.263769,.1258837,1,12.0892,3.016548
82,50,-.5174034,1,2,0,0,0,0,0,9.69542,3.037952
83,46,-1.435484,1,1,-4.847871,9.99e-06,1.503581,.8286029,1,12.0892,3.016548
83,46,-1.435484,1,2,3.001806,.2859253,2.223533,.6254953,1,9.69542,3.037952
84,39,-.1977053,1,1,3.669697,.6308952,1.561964,.3375537,1,12.0892,3.016548
84,39,-.1977053,1,2,0,0,0,0,0,9.69542,3.037952
85,19,-1.106691,1,1,.356245,.0178923,1.408412,.8349828,1,12.0892,3.016548
85,19,-1.106691,1,2,2.529117,.3318178,1.268405,.8099458,1,9.69542,3.037952
86,25,2.883946,1,1,3.201854,.7246879,2.268338,.6713324,1,12.0892,3.016548
86,25,2.883946,1,2,-2.53799,.000057,2.493777,.6276264,1,9.69542,3.037952
87,11,.4971501,1,1,-3.81663,7.81e-06,2.834084,.4930787,1,12.0892,3.016548
87,11,.4971501,1,2,0,0,0,0,0,9.69542,3.037952
88,48,-.5674206,1,1,.9598459,.0016816,3.515329,.88703,1,12.0892,3.016548
88,48,-.5674206,1,2,0,0,0,0,0,9.69542,3.037952
89,50,-1.513132,1,1,0,0,0,0,0,12.0892,3.016548
89,50,-1.513132,1,2,0,0,0,0,0,9.69542,3.037952
90,4,-2.28463,1,1,0,0,0,0,0,12.0892,3.016548
90,4,-2.28463,1,2,0,0,0,0,0,9.69542,3.037952
91,53,1.42046,1,1,-4.407274,.0001555,1.537274,.2908095,1,12.0892,3.016548
91,53,1.42046,1,2,0,0,0,0,0,9.69542,3.037952
92,23,-.3115201,1,1,-1.449674,.0005465,1.880046,.2878847,1,12.0892,3.016548
92,23,-.3115201,1,2,0,0,0,0,0,9.69542,3.037952
93,9,-2.355925,1,1,-4.796876,.0001282,1.387304,.9181257,1,12.0892,3.016548
93,9,-2.355925,1,2,0,0,0,0,0,9.69542,3.037952
94,8,1.485654,1,1,4.762061,.7252618,2.162823,.0034772,1,12.0892,3.016548
94,8,1.485654,1,2,1.662742,.1670668,.9466388,.2186854,1,9.69542,3.037952
95,33,1.600385,1,1,0,0,0,0,0,12.0892,3.016548
95,33,1.600385,1,2,0,0,0,0,0,9.69542,3.037952
96,33,1.270745,1,1,0,0,0,0,0,12.0892,3.016548
96,33,1.270745,1,2,-2.152399,.0020128,1.757742,.3196416,1,9.69542,3.037952
97,27,1.906789,1,1,2.150991,.195611,2.506603,.342013,1,12.0892,3.016548
97,27,1.906789,1,2,.5092574,.0066344,2.61161,.700253,1,9.69542,3.037952
98,31,1.116228,1,1,-4.547512,.0000201,1.880693,.9848703,1,12.0892,3.016548
98,31,1.116228,1,2,0,0,0,0,0,9.69542,3.037952
99,15,.9468093,1,1,-1.613377,.0052759,1.29275,.1308243,1,12.0892,3.016548
99,15,.9468093,1,2,3.029886,.1232306,1.396256,.7599918,1,9.69542,3.037952
100,38,1.348959,1,1,0,0,0,0,0,12.0892,3.016548
100,38,1.348959,1,2,-2.079155,.0043403,1.913254,.8130624,1,9.69542,3.037952
101,54,2.237831,1,1,-1.228301,.033851,3.142282,.8971702,1,12.0892,3.016548
101,54,2.237831,1,2,-2.417929,.0021435,1.199866,.2989959,1,9.69542,3.037952
102,59,-.166901,1,1,-4.776455,4.56e-07,3.411686,.8535267,1,12.0892,3.016548
102,59,-.166901,1,2,2.653069,.4962194,1.624105,.5970567,1,9.69542,3.037952
103,44,2.344268,1,1,2.93063,.3325245,2.285909,.6134024,1,12.0892,3.016548
103,44,2.344268,1,2,0,0,0,0,0,9.69542,3.037952
104,17,-1.230257,1,1,-3.397288,8.92e-07,4.061109,.981049,1,12.0892,3.016548
104,17,-1.230257,1,2,3.029836,.2423811,2.039063,.2424296,1,9.69542,3.037952
105,34,-2.519531,1,1,-3.180541,.0002911,1.232656,.081503,1,12.0892,3.016548
105,34,-2.519531,1,2,0,0,0,0,0,9.69542,3.037952
106,33,.8016968,1,1,-2.496203,.0005031,1.543918,.1369441,1,12.0892,3.016548
106,33,.8016968,1,2,0,0,0,0,0,9.69542,3.037952
107,56,2.029127,1,1,.2909164,.0682291,1.389676,.9396303,1,12.0892,3.016548
107,56,2.029127,1,2,0,0,0,0,0,9.69542,3.037952
108,57,2.183697,1,1,-4.606597,.0000299,2.903636,.3293861,1,12.0892,3.016548
108,57,2.183697,1,2,-.8442622,.0364959,1.307828,.6895316,1,9.69542,3.037952
109,13,.0855416,1,1,0,0,0,0,0,12.0892,3.016548
109,13,.0855416,1,2,1.102065,.4811817,1.225348,.2763015,1,9.69542,3.037952
110,24,-2.847141,1,1,-.6314975,.0098215,1.664243,.9450042,1,12.0892,3.016548
110,24,-2.847141,1,2,3.774621,.3675226,1.61873,.896437,1,9.69542,3.037952
111,49,-2.314774,1,1,-2.354655,.0000203,3.144795,.4182364,1,12.0892,3.016548
111,49,-2.314774,1,2,0,0,0,0,0,9.69542,3.037952
112,13,-.3526178,1,1,-3.439047,.0002332,2.41718,.669108,1,12.0892,3.016548
112,13,-.3526178,1,2,0,0,0,0,0,9.69542,3.037952
113,19,-2.227338,1,1,1.743873,.4422155,1.408412,.6540788,1,12.0892,3.016548
113,19,-2.227338,1,2,0,0,0,0,0,9.69542,3.037952
114,26,-.624403,1,1,-4.355536,6.52e-06,1.03133,.2163008,1,12.0892,3.016548
114,26,-.624403,1,2,2.521898,.4787221,1.50716,.7909534,1,9.69542,3.037952
115,55,1.036629,1,1,0,0,0,0,0,12.0892,3.016548
115,55,1.036629,1,2,0,0,0,0,0,9.69542,3.037952
116,30,1.187501,1,1,0,0,0,0,0,12.0892,3.016548
116,30,1.187501,1,2,1.958393,.0382457,2.460344,.7121521,1,9.69542,3.037952
117,27,-2.524028,1,1,.8482805,.0013915,2.506603,.0817987,1,12.0892,3.016548
117,27,-2.524028,1,2,-3.70452,.0000696,2.61161,.6127809,1,9.69542,3.037952
118,46,-1.505275,1,1,.5385087,.0245543,1.503581,.4345147,1,12.0892,3.016548
118,46,-1.505275,1,2,2.460922,.0950233,2.223533,.3422448,1,9.69542,3.037952
119,14,-2.369106,1,1,4.249911,.5572106,1.208681,.0753275,1,12.0892,3.016548
119,14,-2.369106,1,2,.6585694,.1180935,.986953,.4182131,1,9.69542,3.037952
120,21,1.773818,1,1,0,0,0,0,0,12.0892,3.016548
120,21,1.773818,1,2,-2.837377,.0004383,1.712312,.217044,1,9.69542,3.037952
121,50,1.708539,1,1,-.8657693,.0475435,1.263769,.4275743,1,12.0892,3.016548
121,50,1.708539,1,2,1.082152,.1670095,1.300185,.5305717,1,9.69542,3.037952
122,26,-.752623,1,1,.9504414,.079575,1.03133,.4095684,1,12.0892,3.016548
122,26,-.752623,1,2,-3.380838,.0001885,1.50716,.7886981,1,9.69542,3.037952
123,51,.0072877,1,1,4.286084,.7567739,1.744955,.5251164,1,12.0892,3.016548
123,51,.0072877,1,2,.1540381,.0093369,1.259062,.7339323,1,9.69542,3.037952
124,43,2.499823,1,1,-3.771659,.0006149,2.173529,.6972084,1,12.0892,3.016548
124,43,2.499823,1,2,0,0,0,0,0,9.69542,3.037952
125,21,-.7393001,1,1,2.309958,.2114662,1.515736,.9341559,1,12.0892,3.016548
125,21,-.7393001,1,2,0,0,0,0,0,9.69542,3.037952
126,44,-1.313928,1,1,-.8728532,.0041737,2.285909,.1106632,1,12.0892,3.016548
126,44,-1.313928,1,2,0,0,0,0,0,9.69542,3.037952
127,25,.0767465,1,1,-3.641295,.0005268,2.268338,.1601625,1,12.0892,3.016548
127,25,.0767465,1,2,0,0,0,0,0,9.69542,3.037952
128,22,-2.029355,1,1,-2.912539,.0014149,.9934634,.9119635,1,12.0892,3.016548
128,22,-2.029355,1,2,-3.089531,.0001902,1.433391,.4677448,1,9.69542,3.037952
129,49,1.904,1,1,-3.608665,.0000129,3.144795,.8499925,1,12.0892,3.016548
129,49,1.904,1,2,3.247705,.557982,2.187471,.6470205,1,9.69542,3.037952
130,12,-1.927486,1,1,2.7831,.2918873,.9799215,.2694858,1,12.0892,3.016548
130,12,-1.927486,1,2,.737074,.0965527,1.062716,.2935925,1,9.69542,3.037952
131,17,2.931667,1,1,4.713441,.5431195,4.061109,.9626096,1,12.0892,3.016548
131,17,2.931667,1,2,3.984533,.3666685,2.039063,.4996962,1,9.69542,3.037952
132,36,-2.992592,1,1,.4216274,.0242457,1.853332,.1784681,1,12.0892,3.016548
132,36,-2.992592,1,2,0,0,0,0,0,9.69542,3.037952
133,51,2.810902,1,1,-3.36596,.0005712,1.744955,.1874182,1,12.0892,3.016548
133,51,2.810902,1,2,0,0,0,0,0,9.69542,3.037952
134,23,-2.691584,1,1,1.908654,.1821834,1.880046,.0688118,1,12.0892,3.016548
134,23,-2.691584,1,2,-4.515749,.0007044,.9985468,.4683746,1,9.69542,3.037952
135,27,2.274509,1,1,3.479589,.7817023,2.506603,.046616,1,12.0892,3.016548
135,27,2.274509,1,2,0,0,0,0,0,9.69542,3.037952
136,53,.1880885,1,1,4.442177,.697711,1.537274,.0815229,1,12.0892,3.016548
136,53,.1880885,1,2,0,0,0,0,0,9.69542,3.037952
137,28,2.000504,1,1,4.56963,.7433953,2.007477,.1654633,1,12.0892,3.016548
137,28,2.000504,1,2,-.8849009,.0069122,1.456939,.8269901,1,9.69542,3.037952
138,36,1.784631,1,1,2.715732,.6570981,1.853332,.3491742,1,12.0892,3.016548
138,36,1.784631,1,2,-.9153817,.0004777,1.395871,.4959185,1,9.69542,3.037952
139,42,-.9279299,1,1,1.565862,.2093167,1.138756,.113109,1,12.0892,3.016548
139,42,-.9279299,1,2,0,0,0,0,0,9.69542,3.037952
140,1,-1.539232,1,1,-3.131552,.0000426,1.677043,.9215156,1,12.0892,3.016548
140,1,-1.539232,1,2,-.7773643,.0012647,1.461716,.2600579,1,9.69542,3.037952
141,18,-2.121603,1,1,2.056308,.2558977,1.66165,.9603816,1,12.0892,3.016548
141,18,-2.121603,1,2,0,0,0,0,0,9.69542,3.037952
142,45,2.428079,1,1,0,0,0,0,0,12.0892,3.016548
142,45,2.428079,1,2,0,0,0,0,0,9.69542,3.037952
143,7,.3786385,1,1,2.725284,.4389459,1.688325,.1103926,1,12.0892,3.016548
143,7,.3786385,1,2,0,0,0,0,0,9.69542,3.037952
144,17,-1.344588,1,1,4.256159,.0109282,4.061109,.1311257,1,12.0892,3.016548
144,17,-1.344588,1,2,-1.122238,.0022118,2.039063,.4354739,1,9.69542,3.037952
145,23,-.2066141,1,1,4.296949,.780454,1.880046,.945909,1,12.0892,3.016548
145,23,-.2066141,1,2,0,0,0,0,0,9.69542,3.037952
146,1,-.3989994,1,1,-4.122608,8.12e-06,1.677043,.7130018,1,12.0892,3.016548
146,1,-.3989994,1,2,-.9333167,.0079968,1.461716,.7990496,1,9.69542,3.037952
147,36,1.349372,1,1,-1.047009,.0038662,1.853332,.346287,1,12.0892,3.016548
147,36,1.349372,1,2,2.105505,.3974733,1.395871,.68648,1,9.69542,3.037952
148,49,-1.367754,1,1,-1.371315,.0000848,3.144795,.8399936,1,12.0892,3.016548
148,49,-1.367754,1,2,0,0,0,0,0,9.69542,3.037952
149,50,-.5890949,1,1,2.634938,.4118805,1.263769,.6923156,1,12.0892,3.016548
149,50,-.5890949,1,2,0,0,0,0,0,9.69542,3.037952
150,33,-1.133136,1,1,1.405106,.1552949,1.543918,.1280671,1,12.0892,3.016548
150,33,-1.133136,1,2,0,0,0,0,0,9.69542,3.037952
151,5,-1.341299,1,1,4.853115,.555101,1.941485,.3694979,1,12.0892,3.016548
151,5,-1.341299,1,2,1.661782,.1487167,1.407789,.8083709,1,9.69542,3.037952
152,60,-2.936115,1,1,.5497114,.157933,1.226078,.63181,1,12.0892,3.016548
152,60,-2.936115,1,2,-2.866912,.0019182,.7335377,.2320871,1,9.69542,3.037952
153,30,-2.723013,1,1,0,0,0,0,0,12.0892,3.016548
153,30,-2.723013,1,2,0,0,0,0,0,9.69542,3.037952
154,26,-2.644984,1,1,2.720448,.2428755,1.03133,.0400003,1,12.0892,3.016548
154,26,-2.644984,1,2,3.568085,.2685064,1.50716,.5797349,1,9.69542,3.037952
155,44,1.730779,1,1,-2.324601,.0028846,2.285909,.0573645,1,12.0892,3.016548
155,44,1.730779,1,2,0,0,0,0,0,9.69542,3.037952
156,30,.4360188,1,1,0,0,0,0,0,12.0892,3.016548
156,30,.4360188,1,2,-.5284324,.0038464,2.460344,.9902197,1,9.69542,3.037952
157,35,.784422,1,1,3.062517,.5848765,1.581192,.215462,1,12.0892,3.016548
157,35,.784422,1,2,0,0,0,0,0,9.69542,3.037952
158,10,2.358809,1,1,-3.646886,.001362,1.541668,.1340202,1,12.0892,3.016548
158,10,2.358809,1,2,0,0,0,0,0,9.69542,3.037952
159,11,2.747342,1,1,-2.805722,.0001053,2.834084,.0273284,1,12.0892,3.016548
159,11,2.747342,1,2,1.488281,.293,2.615286,.8854025,1,9.69542,3.037952
160,11,1.82371,1,1,4.132942,.7115341,2.834084,.8864214,1,12.0892,3.016548
160,11,1.82371,1,2,-.2542635,.0007516,2.615286,.7157645,1,9.69542,3.037952
161,6,2.216661,1,1,2.887786,.5239947,2.175318,.5860136,1,12.0892,3.016548
161,6,2.216661,1,2,-4.867801,2.80e-06,3.186317,.2117226,1,9.69542,3.037952
162,34,-.5468508,1,1,-4.32701,.0007038,1.232656,.9721454,1,12.0892,3.016548
162,34,-.5468508,1,2,0,0,0,0,0,9.69542,3.037952
163,57,2.999548,1,1,-1.285887,.0971607,2.903636,.075269,1,12.0892,3.016548
163,57,2.999548,1,2,0,0,0,0,0,9.69542,3.037952
164,29,-1.779579,1,1,3.683583,.4479122,2.040111,.1380018,1,12.0892,3.016548
164,29,-1.779579,1,2,0,0,0,0,0,9.69542,3.037952
165,38,2.523536,1,1,4.709596,.8100119,3.689959,.9481879,1,12.0892,3.016548
165,38,2.523536,1,2,0,0,0,0,0,9.69542,3.037952
166,29,2.786619,1,1,.4368813,.2407293,2.040111,.518634,1,12.0892,3.016548
166,29,2.786619,1,2,0,0,0,0,0,9.69542,3.037952
167,17,2.994422,1,1,-2.181964,.1159272,4.061109,.182614,1,12.0892,3.016548
167,17,2.994422,1,2,0,0,0,0,0,9.69542,3.037952
168,55,-2.365636,1,1,-.915922,.0097026,1.208332,.0193125,1,12.0892,3.016548
168,55,-2.365636,1,2,.0039153,.0220635,1.263355,.405288,1,9.69542,3.037952
169,15,-.437565,1,1,2.86669,.4993948,1.29275,.1914989,1,12.0892,3.016548
169,15,-.437565,1,2,0,0,0,0,0,9.69542,3.037952
170,44,2.063603,1,1,-4.220294,.0000462,2.285909,.5185127,1,12.0892,3.016548
170,44,2.063603,1,2,1.510853,.3460537,1.539772,.3300219,1,9.69542,3.037952
171,17,-1.903951,1,1,0,0,0,0,0,12.0892,3.016548
171,17,-1.903951,1,2,0,0,0,0,0,9.69542,3.037952
172,15,1.345825,1,1,-.6487236,.0080083,1.29275,.5004034,1,12.0892,3.016548
172,15,1.345825,1,2,0,0,0,0,0,9.69542,3.037952
173,53,-2.039536,1,1,.850033,.1294969,1.537274,.455236,1,12.0892,3.016548
173,53,-2.039536,1,2,0,0,0,0,0,9.69542,3.037952
174,44,1.680897,1,1,3.731779,.6139391,2.285909,.9638922,1,12.0892,3.016548
174,44,1.680897,1,2,0,0,0,0,0,9.69542,3.037952
175,23,2.069836,1,1,1.932209,.3019888,1.880046,.4708565,1,12.0892,3.016548
175,23,2.069836,1,2,-4.531088,.0000777,.9985468,.6542537,1,9.69542,3.037952
176,1,-.7878691,1,1,3.862465,.4697861,1.677043,.7321741,1,12.0892,3.016548
176,1,-.7878691,1,2,0,0,0,0,0,9.69542,3.037952
177,49,2.936164,1,1,1.12104,.3928711,3.144795,.3602411,1,12.0892,3.016548
177,49,2.936164,1,2,0,0,0,0,0,9.69542,3.037952
178,38,2.816038,1,1,2.279274,.3134875,3.689959,.4112377,1,12.0892,3.016548
178,38,2.816038,1,2,0,0,0,0,0,9.69542,3.037952
179,15,2.810623,1,1,-1.321186,.0333415,1.29275,.840829,1,12.0892,3.016548
179,15,2.810623,1,2,-3.591088,.0001691,1.396256,.9455832,1,9.69542,3.037952
180,21,-1.364416,1,1,-2.357553,.0002021,1.515736,.3216642,1,12.0892,3.016548
180,21,-1.364416,1,2,0,0,0,0,0,9.69542,3.037952
181,26,-1.264544,1,1,0,0,0,0,0,12.0892,3.016548
181,26,-1.264544,1,2,0,0,0,0,0,9.69542,3.037952
182,30,1.520562,1,1,0,0,0,0,0,12.0892,3.016548
182,30,1.520562,1,2,4.400258,.7324017,2.460344,.4307189,1,9.69542,3.037952
183,27,1.590536,1,1,4.063686,.1686605,2.506603,.8686479,1,12.0892,3.016548
183,27,1.590536,1,2,4.731621,.6420311,2.61161,.9656652,1,9.69542,3.037952
184,37,-.961311,1,1,.8217975,.0174897,1.761158,.5597209,1,12.0892,3.016548
184,37,-.961311,1,2,0,0,0,0,0,9.69542,3.037952
185,56,-2.196093,1,1,3.063097,.4389919,1.389676,.0770882,1,12.0892,3.016548
185,56,-2.196093,1,2,1.967553,.0586914,1.628214,.4491081,1,9.69542,3.037952
186,51,1.866486,1,1,3.382971,.5073462,1.744955,.1756437,1,12.0892,3.016548
186,51,1.866486,1,2,0,0,0,0,0,9.69542,3.037952
187,25,-2.373647,1,1,4.1845,.2132085,2.268338,.5891948,1,12.0892,3.016548
187,25,-2.373647,1,2,0,0,0,0,0,9.69542,3.037952
188,48,.8607315,1,1,0,0,0,0,0,12.0892,3.016548
188,48,.8607315,1,2,0,0,0,0,0,9.69542,3.037952
189,4,1.702537,1,1,-4.771453,3.64e-06,2.243272,.4798182,1,12.0892,3.016548
189,4,1.702537,1,2,-2.529436,.002805,.9864069,.344385,1,9.69542,3.037952
190,51,-.9600493,1,1,0,0,0,0,0,12.0892,3.016548
190,51,-.9600493,1,2,0,0,0,0,0,9.69542,3.037952
191,40,.8463991,1,1,4.788329,.7902882,3.215047,.5944863,1,12.0892,3.016548
191,40,.8463991,1,2,0,0,0,0,0,9.69542,3.037952
192,49,-2.84174,1,1,0,0,0,0,0,12.0892,3.016548
192,49,-2.84174,1,2,-1.51355,.0010507,2.187471,.8395341,1,9.69542,3.037952
193,34,-1.412977,1,1,-4.675953,.0000699,1.232656,.9666222,1,12.0892,3.016548
193,34,-1.412977,1,2,0,0,0,0,0,9.69542,3.037952
194,30,.1693237,1,1,-3.439354,.0000521,2.825035,.2817417,1,12.0892,3.016548
194,30,.1693237,1,2,-.9221594,.0005613,2.460344,.5750527,1,9.69542,3.037952
195,32,2.736757,1,1,1.162839,.3335661,2.354135,.3865592,1,12.0892,3.016548
195,32,2.736757,1,2,-1.602528,.018638,1.627568,.2923613,1,9.69542,3.037952
196,4,.0216195,1,1,0,0,0,0,0,12.0892,3.016548
196,4,.0216195,1,2,0,0,0,0,0,9.69542,3.037952
197,30,-1.922137,1,1,-1.723472,.0003285,2.825035,.7540821,1,12.0892,3.016548
197,30,-1.922137,1,2,0,0,0,0,0,9.69542,3.037952
198,10,1.924141,1,1,2.846455,.6556595,1.541668,.139736,1,12.0892,3.016548
198,10,1.924141,1,2,-4.320275,5.58e-06,1.505718,.5259187,1,9.69542,3.037952
199,33,2.49119,1,1,1.762517,.5590612,1.543918,.4523814,1,12.0892,3.016548
199,33,2.49119,1,2,0,0,0,0,0,9.69542,3.037952
200,39,-1.712542,1,1,.0131285,.0090676,1.561964,.0689218,1,12.0892,3.016548
200,39,-1.712542,1,2,1.184532,.264862,1.385112,.7004982,1,9.69542,3.037952
201,26,-1.935751,1,1,2.607862,.2634532,1.03133,.3371142,1,12.0892,3.016548
201,26,-1.935751,1,2,0,0,0,0,0,9.69542,3.037952
202,30,.8629291,1,1,0,0,0,0,0,12.0892,3.016548
202,30,.8629291,1,2,0,0,0,0,0,9.69542,3.037952
203,54,-1.793163,1,1,-1.546127,.0001066,3.142282,.5872867,1,12.0892,3.016548
203,54,-1.793163,1,2,0,0,0,0,0,9.69542,3.037952
204,5,-2.249678,1,1,4.625164,.732354,1.941485,.788268,1,12.0892,3.016548
204,5,-2.249678,1,2,0,0,0,0,0,9.69542,3.037952
205,19,-.5576681,1,1,-4.930052,.0001043,1.408412,.2770487,1,12.0892,3.016548
205,19,-.5576681,1,2,1.822015,.1546269,1.268405,.3162862,1,9.69542,3.037952
206,48,2.641689,1,1,2.69108,.6880471,3.515329,.4542406,1,12.0892,3.016548
206,48,2.641689,1,2,-3.79348,.0000525,1.569901,.5385222,1,9.69542,3.037952
207,48,2.658361,1,1,2.036353,.4983133,3.515329,.7136164,1,12.0892,3.016548
207,48,2.658361,1,2,-4.103105,.000203,1.569901,.3733094,1,9.69542,3.037952
208,19,.6737751,1,1,2.617739,.2311876,1.408412,.4987544,1,12.0892,3.016548
208,19,.6737751,1,2,1.917025,.298552,1.268405,.4371171,1,9.69542,3.037952
209,17,-2.818169,1,1,-.582284,.0001558,4.061109,.5600898,1,12.0892,3.016548
209,17,-2.818169,1,2,-1.127808,.0015957,2.039063,.684235,1,9.69542,3.037952
210,6,-1.655216,1,1,1.279551,.0033041,2.175318,.8368444,1,12.0892,3.016548
210,6,-1.655216,1,2,0,0,0,0,0,9.69542,3.037952
211,12,2.029662,1,1,-3.848222,.0003013,.9799215,.5576236,1,12.0892,3.016548
211,12,2.029662,1,2,.7893622,.1224941,1.062716,.4908278,1,9.69542,3.037952
212,56,-1.269895,1,1,0,0,0,0,0,12.0892,3.016548
212,56,-1.269895,1,2,4.361556,.4073737,1.628214,.9236745,1,9.69542,3.037952
213,23,-2.185174,1,1,3.983485,.4475903,1.880046,.9502176,1,12.0892,3.016548
213,23,-2.185174,1,2,0,0,0,0,0,9.69542,3.037952
214,54,2.925377,1,1,2.574047,.532885,3.142282,.2161711,1,12.0892,3.016548
214,54,2.925377,1,2,0,0,0,0,0,9.69542,3.037952
215,24,.1261604,1,1,0,0,0,0,0,12.0892,3.016548
215,24,.1261604,1,2,-2.645479,.0009779,1.61873,.2551546,1,9.69542,3.037952
216,25,2.177169,1,1,-2.365885,.0005917,2.268338,.5129808,1,12.0892,3.016548
216,25,2.177169,1,2,2.835381,.5739949,2.493777,.3769691,1,9.69542,3.037952
217,56,.8969994,1,1,3.064025,.6481313,1.389676,.2384741,1,12.0892,3.016548
217,56,.8969994,1,2,0,0,0,0,0,9.69542,3.037952
218,57,2.842678,1,1,0,0,0,0,0,12.0892,3.016548
218,57,2.842678,1,2,0,0,0,0,0,9.69542,3.037952
219,8,-.1192807,1,1,-1.723899,.0025125,2.162823,.9761939,1,12.0892,3.016548
219,8,-.1192807,1,2,0,0,0,0,0,9.69542,3.037952
220,25,1.998577,1,1,3.585289,.5354773,2.268338,.1861379,1,12.0892,3.016548
220,25,1.998577,1,2,0,0,0,0,0,9.69542,3.037952
221,2,-.9990114,1,1,-.8135276,.0284267,.9993471,.477619,1,12.0892,3.016548
221,2,-.9990114,1,2,-2.494212,.003919,1.495943,.9876004,1,9.69542,3.037952
222,45,2.15133,1,1,-1.291161,.0243258,1.440482,.148017,1,12.0892,3.016548
222,45,2.15133,1,2,-2.492779,.0010729,1.597131,.972162,1,9.69542,3.037952
223,26,1.062786,1,1,0,0,0,0,0,12.0892,3.016548
223,26,1.062786,1,2,1.5619,.2245726,1.50716,.6670498,1,9.69542,3.037952
224,7,2.326056,1,1,2.417541,.5545457,1.688325,.8120614,1,12.0892,3.016548
224,7,2.326056,1,2,0,0,0,0,0,9.69542,3.037952
225,45,.859345,1,1,0,0,0,0,0,12.0892,3.016548
225,45,.859345,1,2,-3.118871,.0002971,1.597131,.3312329,1,9.69542,3.037952
226,36,1.808705,1,1,-2.548337,.0006524,1.853332,.3359413,1,12.0892,3.016548
226,36,1.808705,1,2,-.2244722,.0450581,1.395871,.2988296,1,9.69542,3.037952
227,15,1.477362,1,1,.266175,.0922317,1.29275,.8958697,1,12.0892,3.016548
227,15,1.477362,1,2,0,0,0,0,0,9.69542,3.037952
228,21,-2.407707,1,1,4.154153,.4130815,1.515736,.6273252,1,12.0892,3.016548
228,21,-2.407707,1,2,-1.634616,.0022555,1.712312,.7552252,1,9.69542,3.037952
229,19,2.805597,1,1,-3.795966,.0000499,1.408412,.9088328,1,12.0892,3.016548
229,19,2.805597,1,2,0,0,0,0,0,9.69542,3.037952
230,41,-2.872619,1,1,-1.659067,.0002025,2.049694,.2057981,1,12.0892,3.016548
230,41,-2.872619,1,2,0,0,0,0,0,9.69542,3.037952
231,40,.278364,1,1,-1.166773,.0006554,3.215047,.4104462,1,12.0892,3.016548
231,40,.278364,1,2,0,0,0,0,0,9.69542,3.037952
232,35,.5197144,1,1,3.889981,.3568111,1.581192,.7954856,1,12.0892,3.016548
232,35,.5197144,1,2,0,0,0,0,0,9.69542,3.037952
233,33,-2.155876,1,1,4.877242,.6433886,1.543918,.6089423,1,12.0892,3.016548
233,33,-2.155876,1,2,-3.086531,.0003246,1.757742,.9957088,1,9.69542,3.037952
234,55,-2.272727,1,1,0,0,0,0,0,12.0892,3.016548
234,55,-2.272727,1,2,2.471744,.5188648,1.263355,.2496541,1,9.69542,3.037952
235,17,-2.368161,1,1,-2.840561,4.07e-06,4.061109,.5171268,1,12.0892,3.016548
235,17,-2.368161,1,2,-.2884863,.0146179,2.039063,.8555821,1,9.69542,3.037952
236,8,.2660264,1,1,-2.023086,.0014881,2.162823,.0248897,1,12.0892,3.016548
236,8,.2660264,1,2,0,0,0,0,0,9.69542,3.037952
237,47,.1035013,1,1,0,0,0,0,0,12.0892,3.016548
237,47,.1035013,1,2,-3.806477,.000039,2.097891,.5096213,1,9.69542,3.037952
238,44,.0366186,1,1,0,0,0,0,0,12.0892,3.016548
238,44,.0366186,1,2,3.812982,.4159495,1.539772,.7081272,1,9.69542,3.037952
239,50,-1.596085,1,1,.6712762,.2989497,1.263769,.1379923,1,12.0892,3.016548
239,50,-1.596085,1,2,0,0,0,0,0,9.69542,3.037952
240,46,-.9409136,1,1,0,0,0,0,0,12.0892,3.016548
240,46,-.9409136,1,2,0,0,0,0,0,9.69542,3.037952
241,31,1.010183,1,1,0,0,0,0,0,12.0892,3.016548
241,31,1.010183,1,2,0,0,0,0,0,9.69542,3.037952
242,50,2.128613,1,1,-4.836833,.0000407,1.263769,.9028504,1,12.0892,3.016548
242,50,2.128613,1,2,-3.200745,.0031442,1.300185,.5052193,1,9.69542,3.037952
243,6,2.052003,1,1,-2.264254,.0017319,2.175318,.7499486,1,12.0892,3.016548
243,6,2.052003,1,2,0,0,0,0,0,9.69542,3.037952
244,31,.192253,1,1,3.41385,.6684584,1.880693,.8939829,1,12.0892,3.016548
244,31,.192253,1,2,-2.939739,.0000809,1.487718,.9892955,1,9.69542,3.037952
245,38,1.138201,1,1,3.81264,.0442234,3.689959,.6922446,1,12.0892,3.016548
245,38,1.138201,1,2,4.638508,.7198581,1.913254,.8137356,1,9.69542,3.037952
246,43,.3896504,1,1,-1.026081,.0003973,2.173529,.8763759,1,12.0892,3.016548
246,43,.3896504,1,2,-.7076769,.0139039,1.00054,.4623003,1,9.69542,3.037952
247,46,-1.641354,1,1,-4.485478,.0000405,1.503581,.1503353,1,12.0892,3.016548
247,46,-1.641354,1,2,-.8956447,.0041521,2.223533,.6896488,1,9.69542,3.037952
248,11,-.6486499,1,1,-4.992873,1.33e-06,2.834084,.8603125,1,12.0892,3.016548
248,11,-.6486499,1,2,.6804783,.0073975,2.615286,.5618455,1,9.69542,3.037952
249,20,2.552003,1,1,4.220573,.6029636,3.04175,.5293594,1,12.0892,3.016548
249,20,2.552003,1,2,4.073942,.3109908,1.577091,.2734296,1,9.69542,3.037952
250,21,-2.51703,1,1,-.0810328,.0008585,1.515736,.0076516,1,12.0892,3.016548
250,21,-2.51703,1,2,2.091686,.607916,1.712312,.4388352,1,9.69542,3.037952
251,36,-1.255308,1,1,0,0,0,0,0,12.0892,3.016548
251,36,-1.255308,1,2,0,0,0,0,0,9.69542,3.037952
252,11,1.599594,1,1,.0703737,.0129199,2.834084,.3460808,1,12.0892,3.016548
252,11,1.599594,1,2,0,0,0,0,0,9.69542,3.037952
253,38,1.716539,1,1,.0336398,.0146162,3.689959,.4472437,1,12.0892,3.016548
253,38,1.716539,1,2,0,0,0,0,0,9.69542,3.037952
254,36,-1.533121,1,1,0,0,0,0,0,12.0892,3.016548
254,36,-1.533121,1,2,0,0,0,0,0,9.69542,3.037952
255,58,-2.746228,1,1,1.197429,.0227623,2.689761,.2559384,1,12.0892,3.016548
255,58,-2.746228,1,2,0,0,0,0,0,9.69542,3.037952
256,10,1.860996,1,1,0,0,0,0,0,12.0892,3.016548
256,10,1.860996,1,2,0,0,0,0,0,9.69542,3.037952
257,59,1.173339,1,1,0,0,0,0,0,12.0892,3.016548
257,59,1.173339,1,2,0,0,0,0,0,9.69542,3.037952
258,17,-1.551082,1,1,-.3875701,.0002385,4.061109,.9357206,1,12.0892,3.016548
258,17,-1.551082,1,2,0,0,0,0,0,9.69542,3.037952
259,49,-2.487987,1,1,1.818602,.0126456,3.144795,.3581119,1,12.0892,3.016548
259,49,-2.487987,1,2,-3.638744,.0002893,2.187471,.3312505,1,9.69542,3.037952
260,47,.4009974,1,1,.6172703,.0229543,1.318672,.2721968,1,12.0892,3.016548
260,47,.4009974,1,2,-3.1335,.0000362,2.097891,.2171391,1,9.69542,3.037952
261,8,-.6551238,1,1,-2.883859,.0000714,2.162823,.6242099,1,12.0892,3.016548
261,8,-.6551238,1,2,-2.08305,.0100995,.9466388,.4192187,1,9.69542,3.037952
262,52,-.2824274,1,1,3.438828,.6369966,1.813945,.2149148,1,12.0892,3.016548
262,52,-.2824274,1,2,0,0,0,0,0,9.69542,3.037952
263,41,1.136359,1,1,4.472149,.8520504,2.049694,.2604198,1,12.0892,3.016548
263,41,1.136359,1,2,0,0,0,0,0,9.69542,3.037952
264,21,-.5570064,1,1,-2.350123,.0016348,1.515736,.0376495,1,12.0892,3.016548
264,21,-.5570064,1,2,-4.731222,.0001347,1.712312,.4276462,1,9.69542,3.037952
265,45,2.175596,1,1,-3.564425,.0000985,1.440482,.8051334,1,12.0892,3.016548
265,45,2.175596,1,2,2.324356,.1334165,1.597131,.707353,1,9.69542,3.037952
266,46,2.912399,1,1,2.779728,.1567206,1.503581,.3058496,1,12.0892,3.016548
266,46,2.912399,1,2,4.341538,.7453434,2.223533,.7690002,1,9.69542,3.037952
267,19,-2.312832,1,1,-1.072363,.002223,1.408412,.2916165,1,12.0892,3.016548
267,19,-2.312832,1,2,0,0,0,0,0,9.69542,3.037952
268,6,-.6752533,1,1,-1.613803,.0028071,2.175318,.1451808,1,12.0892,3.016548
268,6,-.6752533,1,2,0,0,0,0,0,9.69542,3.037952
269,55,-1.340904,1,1,0,0,0,0,0,12.0892,3.016548
269,55,-1.340904,1,2,0,0,0,0,0,9.69542,3.037952
270,39,-.2473286,1,1,3.428803,.3634893,1.561964,.5135815,1,12.0892,3.016548
270,39,-.2473286,1,2,0,0,0,0,0,9.69542,3.037952
271,38,.6974597,1,1,0,0,0,0,0,12.0892,3.016548
271,38,.6974597,1,2,0,0,0,0,0,9.69542,3.037952
272,57,.3029813,1,1,0,0,0,0,0,12.0892,3.016548
272,57,.3029813,1,2,-.332056,.0161336,1.307828,.4936721,1,9.69542,3.037952
273,24,1.750449,1,1,0,0,0,0,0,12.0892,3.016548
273,24,1.750449,1,2,-2.530289,.0021236,1.61873,.6114265,1,9.69542,3.037952
274,51,-.0233136,1,1,2.834585,.4763162,1.744955,.2256611,1,12.0892,3.016548
274,51,-.0233136,1,2,0,0,0,0,0,9.69542,3.037952
275,8,2.221037,1,1,-3.260077,.0011052,2.162823,.9481482,1,12.0892,3.016548
275,8,2.221037,1,2,0,0,0,0,0,9.69542,3.037952
276,24,-.9568447,1,1,-2.093064,.0003194,1.664243,.291436,1,12.0892,3.016548
276,24,-.9568447,1,2,-2.772835,.001687,1.61873,.3796302,1,9.69542,3.037952
277,24,-1.90635,1,1,0,0,0,0,0,12.0892,3.016548
277,24,-1.90635,1,2,0,0,0,0,0,9.69542,3.037952
278,50,-1.04033,1,1,2.309144,.5145763,1.263769,.3007861,1,12.0892,3.016548
278,50,-1.04033,1,2,-3.699842,.0000374,1.300185,.2085206,1,9.69542,3.037952
279,20,-1.491567,1,1,-.6098291,.0002506,3.04175,.6792327,1,12.0892,3.016548
279,20,-1.491567,1,2,-2.791593,.0013177,1.577091,.8789766,1,9.69542,3.037952
280,33,-.4834624,1,1,-1.392508,.0007278,1.543918,.5461272,1,12.0892,3.016548
280,33,-.4834624,1,2,0,0,0,0,0,9.69542,3.037952
281,25,-2.55133,1,1,-4.960243,6.87e-06,2.268338,.2429074,1,12.0892,3.016548
281,25,-2.55133,1,2,0,0,0,0,0,9.69542,3.037952
282,41,.0210068,1,1,-4.532578,.0000465,2.049694,.6094313,1,12.0892,3.016548
282,41,.0210068,1,2,2.034063,.1355727,1.014534,.4116202,1,9.69542,3.037952
283,20,.9308417,1,1,0,0,0,0,0,12.0892,3.016548
283,20,.9308417,1,2,-2.264048,.0029178,1.577091,.7650054,1,9.69542,3.037952
284,42,-1.356356,1,1,4.312176,.4363565,1.138756,.504001,1,12.0892,3.016548
284,42,-1.356356,1,2,3.681934,.496646,1.316534,.3133667,1,9.69542,3.037952
285,17,-2.546116,1,1,-.8644847,.0000488,4.061109,.735368,1,12.0892,3.016548
285,17,-2.546116,1,2,0,0,0,0,0,9.69542,3.037952
286,46,1.756403,1,1,-4.257349,.0000833,1.503581,.6784956,1,12.0892,3.016548
286,46,1.756403,1,2,0,0,0,0,0,9.69542,3.037952
287,6,2.868087,1,1,.5396453,.0198165,2.175318,.0362182,1,12.0892,3.016548
287,6,2.868087,1,2,2.587923,.4386523,3.186317,.2012518,1,9.69542,3.037952
288,54,-2.324266,1,1,0,0,0,0,0,12.0892,3.016548
288,54,-2.324266,1,2,0,0,0,0,0,9.69542,3.037952
289,7,-2.381987,1,1,-.6714736,.0046085,1.688325,.5561277,1,12.0892,3.016548
289,7,-2.381987,1,2,0,0,0,0,0,9.69542,3.037952
290,49,.8310083,1,1,-3.681002,.0001027,3.144795,.3845177,1,12.0892,3.016548
290,49,.8310083,1,2,0,0,0,0,0,9.69542,3.037952
291,18,-.5587224,1,1,4.555027,.4785086,1.66165,.7006211,1,12.0892,3.016548
291,18,-.5587224,1,2,0,0,0,0,0,9.69542,3.037952
292,6,.2265505,1,1,-3.660073,.0003511,2.175318,.2469642,1,12.0892,3.016548
292,6,.2265505,1,2,-.3315902,.0014665,3.186317,.5877209,1,9.69542,3.037952
293,33,2.557322,1,1,.0580759,.0728927,1.543918,.912322,1,12.0892,3.016548
293,33,2.557322,1,2,0,0,0,0,0,9.69542,3.037952
294,9,1.17159,1,1,-3.287262,.0003076,1.387304,.7988535,1,12.0892,3.016548
294,9,1.17159,1,2,3.218608,.4608438,1.979503,.9143417,1,9.69542,3.037952
295,46,-1.870597,1,1,2.851609,.3417701,1.503581,.6575527,1,12.0892,3.016548
295,46,-1.870597,1,2,0,0,0,0,0,9.69542,3.037952
296,54,-1.238073,1,1,2.749757,.0196757,3.142282,.1165146,1,12.0892,3.016548
296,54,-1.238073,1,2,.5651287,.0158667,1.199866,.5534447,1,9.69542,3.037952
297,17,2.992353,1,1,.2771741,.1426465,4.061109,.6179168,1,12.0892,3.016548
297,17,2.992353,1,2,.7673961,.4039728,2.039063,.5928698,1,9.69542,3.037952
298,60,-.0300766,1,1,-3.29299,.00024,1.226078,.3438521,1,12.0892,3.016548
298,60,-.0300766,1,2,0,0,0,0,0,9.69542,3.037952
299,44,-.521102,1,1,-2.766461,.0005034,2.285909,.0874635,1,12.0892,3.016548
299,44,-.521102,1,2,0,0,0,0,0,9.69542,3.037952
300,57,2.735327,1,1,0,0,0,0,0,12.0892,3.016548
300,57,2.735327,1,2,0,0,0,0,0,9.69542,3.037952
