survey_year,gender,state,sport,schools,participants
2013-14,Boys,Alabama,Baseball,393.0,8822
2013-14,Boys,Alabama,Basketball,409.0,11731
2013-14,Boys,Alaska,Baseball,32.0,698
2013-14,Boys,Alaska,Basketball,143.0,2147
2013-14,Boys,Alaska,Bowling,10.0,84
2013-14,Boys,Alaska,Competitive Spirit Squads,30.0,94
2013-14,Boys,Arizona,Baseball,239.0,8311
2013-14,Boys,Arizona,Basketball,252.0,8159
2013-14,Boys,Arizona,Competitive Spirit Squads,74.0,335
2013-14,Boys,Arkansas,Baseball,253.0,5809
2013-14,Boys,Arkansas,Basketball,272.0,5497
2013-14,Boys,Arkansas,Bowling,61.0,636
2013-14,Boys,Arkansas,Competitive Spirit Squads,25.0,97
2013-14,Boys,California,Baseball,1250.0,43481
2013-14,Boys,California,Basketball,1380.0,44100
2013-14,Boys,California,Bowling,12.0,211
2013-14,Boys,California,Competitive Spirit Squads,83.0,242
2013-14,Boys,Colorado,Baseball,287.0,8153
2013-14,Boys,Colorado,Basketball,330.0,8922
2013-14,Boys,Colorado,Bowling,,190
2013-14,Boys,Colorado,Competitive Spirit Squads,190.0,160
2013-14,Boys,Connecticut,Baseball,175.0,6032
2013-14,Boys,Connecticut,Basketball,183.0,5333
2013-14,Boys,Connecticut,Competitive Spirit Squads,39.0,158
2013-14,Boys,Delaware,Baseball,49.0,1382
2013-14,Boys,Delaware,Basketball,52.0,1552
2013-14,Boys,Delaware,Competitive Spirit Squads,,88
2013-14,Boys,Florida,Baseball,617.0,16110
2013-14,Boys,Florida,Basketball,673.0,16769
2013-14,Boys,Florida,Bowling,170.0,1310
2013-14,Boys,Florida,Competitive Spirit Squads,,235
2013-14,Boys,Georgia,Baseball,421.0,12895
2013-14,Boys,Georgia,Basketball,433.0,12262
2013-14,Boys,Georgia,Competitive Spirit Squads,35.0,102
2013-14,Boys,Hawaii,Baseball,53.0,1712
2013-14,Boys,Hawaii,Basketball,63.0,1759
2013-14,Boys,Hawaii,Bowling,52.0,567
2013-14,Boys,Hawaii,Competitive Spirit Squads,8.0,42
2013-14,Boys,Idaho,Baseball,95.0,2423
2013-14,Boys,Idaho,Basketball,155.0,3821
2013-14,Boys,Idaho,Competitive Spirit Squads,37.0,121
2013-14,Boys,Illinois,Baseball,660.0,23170
2013-14,Boys,Illinois,Basketball,737.0,24500
2013-14,Boys,Illinois,Bowling,187.0,2605
2013-14,Boys,Indiana,Baseball,388.0,10996
2013-14,Boys,Indiana,Basketball,403.0,11124
2013-14,Boys,Iowa,Baseball,347.0,10596
2013-14,Boys,Iowa,Basketball,366.0,11250
2013-14,Boys,Iowa,Bowling,116.0,1612
2013-14,Boys,Kansas,Baseball,234.0,6216
2013-14,Boys,Kansas,Basketball,354.0,8898
2013-14,Boys,Kansas,Bowling,73.0,937
2013-14,Boys,Kentucky,Baseball,261.0,7354
2013-14,Boys,Kentucky,Basketball,270.0,6716
2013-14,Boys,Kentucky,Bowling,90.0,1011
2013-14,Boys,Kentucky,Competitive Spirit Squads,,207
2013-14,Boys,Louisiana,Baseball,341.0,8473
2013-14,Boys,Louisiana,Basketball,374.0,7936
2013-14,Boys,Louisiana,Bowling,74.0,556
2013-14,Boys,Maine,Baseball,131.0,3340
2013-14,Boys,Maine,Basketball,140.0,3627
2013-14,Boys,Maine,Bowling,7.0,66
2013-14,Boys,Maine,Competitive Spirit Squads,18.0,23
2013-14,Boys,Maryland,Baseball,190.0,5635
2013-14,Boys,Maryland,Basketball,198.0,5641
2013-14,Boys,Maryland,Bowling,4.0,30
2013-14,Boys,Massachusetts,Baseball,353.0,13291
2013-14,Boys,Massachusetts,Basketball,362.0,12748
2013-14,Boys,Michigan,Baseball,630.0,18220
2013-14,Boys,Michigan,Basketball,727.0,21504
2013-14,Boys,Michigan,Bowling,341.0,3573
2013-14,Boys,Minnesota,Baseball,430.0,13475
2013-14,Boys,Minnesota,Basketball,472.0,13282
2013-14,Boys,Mississippi,Baseball,246.0,7250
2013-14,Boys,Mississippi,Basketball,259.0,8450
2013-14,Boys,Mississippi,Bowling,51.0,410
2013-14,Boys,Mississippi,Competitive Spirit Squads,20.0,125
2013-14,Boys,Missouri,Baseball,606.0,15417
2013-14,Boys,Missouri,Basketball,567.0,14145
2013-14,Boys,Missouri,Bowling,6.0,17
2013-14,Boys,Montana,Baseball,,175
2013-14,Boys,Montana,Basketball,175.0,3554
2013-14,Boys,Nebraska,Baseball,73.0,2297
2013-14,Boys,Nebraska,Basketball,303.0,7409
2013-14,Boys,Nevada,Baseball,90.0,2387
2013-14,Boys,Nevada,Basketball,98.0,3056
2013-14,Boys,Nevada,Bowling,34.0,292
2013-14,Boys,New Hampshire,Baseball,85.0,2483
2013-14,Boys,New Hampshire,Basketball,86.0,2493
2013-14,Boys,New Hampshire,Bowling,14.0,136
2013-14,Boys,New Hampshire,Competitive Spirit Squads,76.0,33
2013-14,Boys,New Jersey,Baseball,394.0,16277
2013-14,Boys,New Jersey,Basketball,407.0,14816
2013-14,Boys,New Jersey,Bowling,235.0,2918
2013-14,Boys,New Mexico,Baseball,107.0,3119
2013-14,Boys,New Mexico,Basketball,156.0,4234
2013-14,Boys,New Mexico,Bowling,23.0,217
2013-14,Boys,New Mexico,Competitive Spirit Squads,156.0,143
2013-14,Boys,New York,Baseball,723.0,20773
2013-14,Boys,New York,Basketball,759.0,20514
2013-14,Boys,New York,Bowling,383.0,4569
2013-14,Boys,New York,Competitive Spirit Squads,,72
2013-14,Boys,North Carolina,Baseball,386.0,12555
2013-14,Boys,North Carolina,Basketball,398.0,10694
2013-14,Boys,North Dakota,Baseball,111.0,1622
2013-14,Boys,North Dakota,Basketball,162.0,2915
2013-14,Boys,Ohio,Baseball,776.0,21020
2013-14,Boys,Ohio,Basketball,98.0,21898
2013-14,Boys,Ohio,Bowling,353.0,3459
2013-14,Boys,Ohio,Competitive Spirit Squads,16.0,250
2013-14,Boys,Oklahoma,Baseball,360.0,9450
2013-14,Boys,Oklahoma,Basketball,479.0,10391
2013-14,Boys,Oklahoma,Competitive Spirit Squads,25.0,120
2013-14,Boys,Oregon,Baseball,232.0,6026
2013-14,Boys,Oregon,Basketball,285.0,7493
2013-14,Boys,Pennsylvania,Baseball,664.0,21248
2013-14,Boys,Pennsylvania,Basketball,731.0,21930
2013-14,Boys,Pennsylvania,Bowling,138.0,1380
2013-14,Boys,Rhode Island,Baseball,47.0,1453
2013-14,Boys,Rhode Island,Basketball,47.0,1446
2013-14,Boys,Rhode Island,Competitive Spirit Squads,,12
2013-14,Boys,South Carolina,Baseball,203.0,6713
2013-14,Boys,South Carolina,Basketball,207.0,6802
2013-14,Boys,South Dakota,Baseball,,173
2013-14,Boys,South Dakota,Basketball,173.0,3557
2013-14,Boys,Tennessee,Baseball,362.0,8881
2013-14,Boys,Tennessee,Basketball,379.0,8956
2013-14,Boys,Tennessee,Bowling,147.0,1479
2013-14,Boys,Texas,Baseball,1129.0,47554
2013-14,Boys,Texas,Basketball,1307.0,71477
2013-14,Boys,Utah,Baseball,118.0,3293
2013-14,Boys,Utah,Basketball,132.0,3595
2013-14,Boys,Vermont,Baseball,46.0,1133
2013-14,Boys,Vermont,Basketball,48.0,1377
2013-14,Boys,Vermont,Bowling,8.0,46
2013-14,Boys,Vermont,Competitive Spirit Squads,2.0,14
2013-14,Boys,Virginia,Baseball,308.0,9362
2013-14,Boys,Virginia,Basketball,308.0,9325
2013-14,Boys,Virginia,Competitive Spirit Squads,72.0,117
2013-14,Boys,Washington,Baseball,320.0,9247
2013-14,Boys,Washington,Basketball,366.0,11062
2013-14,Boys,West Virginia,Baseball,124.0,2790
2013-14,Boys,West Virginia,Basketball,185.0,3067
2013-14,Boys,West Virginia,Competitive Spirit Squads,3.0,3
2013-14,Boys,Wisconsin,Baseball,437.0,13161
2013-14,Boys,Wisconsin,Basketball,478.0,14606
2013-14,Boys,Wyoming,Basketball,70.0,1786
2013-14,Boys,Alabama,Cross Country,223.0,1449
2013-14,Boys,Alabama,Football 11-player,389.0,22841
2013-14,Boys,Alabama,Golf,278.0,1484
2013-14,Boys,Alaska,Cross Country,111.0,1141
2013-14,Boys,Alaska,Football 11-player,32.0,1950
2013-14,Boys,Arizona,Cross Country,217.0,3616
2013-14,Boys,Arizona,Football 11-player,202.0,20019
2013-14,Boys,Arizona,Golf,199.0,1801
2013-14,Boys,Arkansas,Cross Country,138.0,1526
2013-14,Boys,Arkansas,Football 11-player,203.0,10977
2013-14,Boys,Arkansas,Golf,197.0,1409
2013-14,Boys,California,Cross Country,1180.0,29990
2013-14,Boys,California,Football 11-player,1049.0,103474
2013-14,Boys,California,Golf,970.0,10990
2013-14,Boys,California,Gymnastics,8.0,36
2013-14,Boys,Colorado,Cross Country,234.0,4131
2013-14,Boys,Colorado,Football 11-player,216.0,15357
2013-14,Boys,Colorado,Golf,190.0,2215
2013-14,Boys,Connecticut,Cross Country,178.0,3945
2013-14,Boys,Connecticut,Football 11-player,146.0,10158
2013-14,Boys,Connecticut,Golf,91.0,1700
2013-14,Boys,Delaware,Cross Country,47.0,1005
2013-14,Boys,Delaware,Football 11-player,45.0,3019
2013-14,Boys,Delaware,Golf,47.0,419
2013-14,Boys,Florida,Cross Country,566.0,7673
2013-14,Boys,Florida,Football 11-player,556.0,40606
2013-14,Boys,Florida,Golf,506.0,4000
2013-14,Boys,Georgia,Cross Country,400.0,7692
2013-14,Boys,Georgia,Football 11-player,414.0,32979
2013-14,Boys,Georgia,Golf,390.0,3403
2013-14,Boys,Hawaii,Cross Country,72.0,1146
2013-14,Boys,Hawaii,Football 11-player,48.0,4258
2013-14,Boys,Hawaii,Golf,58.0,506
2013-14,Boys,Idaho,Cross Country,105.0,1605
2013-14,Boys,Idaho,Football 11-player,103.0,7141
2013-14,Boys,Idaho,Golf,89.0,967
2013-14,Boys,Illinois,Cross Country,505.0,11229
2013-14,Boys,Illinois,Football 11-player,557.0,47068
2013-14,Boys,Illinois,Golf,514.0,7893
2013-14,Boys,Illinois,Gymnastics,50.0,1478
2013-14,Boys,Indiana,Cross Country,379.0,5068
2013-14,Boys,Indiana,Football 11-player,322.0,21760
2013-14,Boys,Indiana,Golf,366.0,4124
2013-14,Boys,Iowa,Cross Country,319.0,5158
2013-14,Boys,Iowa,Football 11-player,278.0,18846
2013-14,Boys,Iowa,Golf,337.0,5508
2013-14,Boys,Kansas,Cross Country,252.0,3847
2013-14,Boys,Kansas,Football 11-player,236.0,13959
2013-14,Boys,Kansas,Golf,233.0,2798
2013-14,Boys,Kentucky,Cross Country,241.0,3090
2013-14,Boys,Kentucky,Football 11-player,221.0,13788
2013-14,Boys,Kentucky,Golf,238.0,2354
2013-14,Boys,Louisiana,Cross Country,284.0,2682
2013-14,Boys,Louisiana,Football 11-player,299.0,20087
2013-14,Boys,Louisiana,Golf,222.0,1157
2013-14,Boys,Louisiana,Gymnastics,29.0,38
2013-14,Boys,Maine,Cross Country,102.0,1285
2013-14,Boys,Maine,Football 11-player,82.0,3768
2013-14,Boys,Maine,Golf,107.0,1133
2013-14,Boys,Maryland,Cross Country,186.0,3827
2013-14,Boys,Maryland,Football 11-player,186.0,14373
2013-14,Boys,Maryland,Golf,166.0,1356
2013-14,Boys,Massachusetts,Cross Country,328.0,6722
2013-14,Boys,Massachusetts,Football 11-player,328.0,20113
2013-14,Boys,Massachusetts,Golf,292.0,4482
2013-14,Boys,Massachusetts,Gymnastics,9.0,264
2013-14,Boys,Michigan,Cross Country,591.0,8882
2013-14,Boys,Michigan,Football 11-player,596.0,39963
2013-14,Boys,Michigan,Golf,515.0,6768
2013-14,Boys,Minnesota,Cross Country,354.0,7079
2013-14,Boys,Minnesota,Football 11-player,351.0,23582
2013-14,Boys,Minnesota,Golf,377.0,5526
2013-14,Boys,Mississippi,Cross Country,150.0,1600
2013-14,Boys,Mississippi,Football 11-player,245.0,22300
2013-14,Boys,Mississippi,Golf,155.0,2010
2013-14,Boys,Missouri,Cross Country,381.0,5687
2013-14,Boys,Missouri,Football 11-player,356.0,23257
2013-14,Boys,Missouri,Golf,346.0,4130
2013-14,Boys,Montana,Cross Country,101.0,1047
2013-14,Boys,Montana,Football 11-player,84.0,4376
2013-14,Boys,Montana,Golf,97.0,1011
2013-14,Boys,Nebraska,Cross Country,223.0,2839
2013-14,Boys,Nebraska,Football 11-player,190.0,9984
2013-14,Boys,Nebraska,Golf,243.0,2592
2013-14,Boys,Nevada,Cross Country,81.0,1070
2013-14,Boys,Nevada,Football 11-player,74.0,6580
2013-14,Boys,Nevada,Golf,78.0,743
2013-14,Boys,New Hampshire,Cross Country,75.0,1207
2013-14,Boys,New Hampshire,Football 11-player,57.0,3547
2013-14,Boys,New Hampshire,Golf,69.0,844
2013-14,Boys,New Jersey,Cross Country,374.0,8395
2013-14,Boys,New Jersey,Football 11-player,354.0,26138
2013-14,Boys,New Jersey,Golf,300.0,4090
2013-14,Boys,New Mexico,Cross Country,105.0,1598
2013-14,Boys,New Mexico,Football 11-player,127.0,7293
2013-14,Boys,New Mexico,Golf,71.0,726
2013-14,Boys,New York,Cross Country,567.0,10261
2013-14,Boys,New York,Football 11-player,572.0,35552
2013-14,Boys,New York,Golf,572.0,7855
2013-14,Boys,New York,Gymnastics,7.0,9
2013-14,Boys,North Carolina,Cross Country,374.0,8969
2013-14,Boys,North Carolina,Football 11-player,382.0,36273
2013-14,Boys,North Carolina,Golf,367.0,3420
2013-14,Boys,North Dakota,Cross Country,70.0,554
2013-14,Boys,North Dakota,Football 11-player,93.0,3199
2013-14,Boys,North Dakota,Golf,112.0,888
2013-14,Boys,Ohio,Cross Country,730.0,9289
2013-14,Boys,Ohio,Football 11-player,715.0,44431
2013-14,Boys,Ohio,Golf,713.0,8138
2013-14,Boys,Ohio,Gymnastics,6.0,86
2013-14,Boys,Oklahoma,Cross Country,249.0,3044
2013-14,Boys,Oklahoma,Football 11-player,274.0,14615
2013-14,Boys,Oklahoma,Golf,245.0,2034
2013-14,Boys,Oregon,Cross Country,223.0,3618
2013-14,Boys,Oregon,Football 11-player,204.0,13212
2013-14,Boys,Oregon,Golf,176.0,1600
2013-14,Boys,Pennsylvania,Cross Country,559.0,11180
2013-14,Boys,Pennsylvania,Football 11-player,580.0,26100
2013-14,Boys,Pennsylvania,Golf,523.0,5230
2013-14,Boys,Rhode Island,Cross Country,44.0,997
2013-14,Boys,Rhode Island,Football 11-player,45.0,3069
2013-14,Boys,Rhode Island,Golf,40.0,461
2013-14,Boys,South Carolina,Cross Country,149.0,3146
2013-14,Boys,South Carolina,Football 11-player,201.0,19543
2013-14,Boys,South Carolina,Golf,157.0,1738
2013-14,Boys,South Dakota,Cross Country,133.0,960
2013-14,Boys,South Dakota,Football 11-player,63.0,3399
2013-14,Boys,South Dakota,Golf,135.0,1030
2013-14,Boys,Tennessee,Cross Country,297.0,4096
2013-14,Boys,Tennessee,Football 11-player,349.0,23003
2013-14,Boys,Tennessee,Golf,317.0,2592
2013-14,Boys,Texas,Cross Country,1269.0,24143
2013-14,Boys,Texas,Football 11-player,1061.0,164554
2013-14,Boys,Texas,Golf,1176.0,14066
2013-14,Boys,Utah,Cross Country,123.0,2667
2013-14,Boys,Utah,Football 11-player,103.0,8638
2013-14,Boys,Utah,Golf,116.0,1519
2013-14,Boys,Vermont,Cross Country,42.0,603
2013-14,Boys,Vermont,Football 11-player,26.0,1332
2013-14,Boys,Vermont,Golf,36.0,332
2013-14,Boys,Vermont,Gymnastics,2.0,4
2013-14,Boys,Virginia,Cross Country,293.0,6180
2013-14,Boys,Virginia,Football 11-player,304.0,24954
2013-14,Boys,Virginia,Golf,283.0,2780
2013-14,Boys,Washington,Cross Country,307.0,6687
2013-14,Boys,Washington,Football 11-player,291.0,21036
2013-14,Boys,Washington,Golf,271.0,3124
2013-14,Boys,West Virginia,Cross Country,97.0,936
2013-14,Boys,West Virginia,Football 11-player,149.0,6198
2013-14,Boys,West Virginia,Golf,107.0,995
2013-14,Boys,Wisconsin,Cross Country,393.0,7061
2013-14,Boys,Wisconsin,Football 11-player,442.0,26680
2013-14,Boys,Wisconsin,Golf,361.0,6105
2013-14,Boys,Wyoming,Cross Country,41.0,533
2013-14,Boys,Wyoming,Football 11-player,50.0,2596
2013-14,Boys,Wyoming,Golf,39.0,505
2013-14,Boys,Alaska,Ice Hockey,26.0,602
2013-14,Boys,Alaska,Lacrosse,,16
2013-14,Boys,Alaska,Riflery,16.0,183
2013-14,Boys,Alaska,Skiing Cross Country,26.0,461
2013-14,Boys,Arkansas,Lacrosse,1.0,24
2013-14,Boys,Arkansas,Riflery,11.0,145
2013-14,Boys,California,Ice Hockey,25.0,395
2013-14,Boys,California,Lacrosse,216.0,9091
2013-14,Boys,California,Riflery,4.0,20
2013-14,Boys,California,Skiing Cross Country,4.0,13
2013-14,Boys,Colorado,Ice Hockey,30.0,621
2013-14,Boys,Colorado,Lacrosse,69.0,3615
2013-14,Boys,Colorado,Skiing Cross Country,14.0,109
2013-14,Boys,Connecticut,Ice Hockey,59.0,1541
2013-14,Boys,Connecticut,Lacrosse,95.0,4615
2013-14,Boys,Delaware,Lacrosse,45.0,1617
2013-14,Boys,Delaware,Ice Hockey,,134
2013-14,Boys,Delaware,Riflery,,8
2013-14,Boys,Florida,Ice Hockey,,169
2013-14,Boys,Florida,Lacrosse,169.0,5680
2013-14,Boys,Georgia,Lacrosse,87.0,3639
2013-14,Boys,Georgia,Riflery,112.0,743
2013-14,Boys,Illinois,Lacrosse,86.0,605
2013-14,Boys,Kentucky,Lacrosse,17.0,583
2013-14,Boys,Maine,Ice Hockey,61.0,1164
2013-14,Boys,Maine,Lacrosse,49.0,1841
2013-14,Boys,Maine,Riflery,1.0,11
2013-14,Boys,Maine,Skiing Cross Country,40.0,322
2013-14,Boys,Maryland,Ice Hockey,1.0,20
2013-14,Boys,Maryland,Lacrosse,149.0,6406
2013-14,Boys,Massachusetts,Ice Hockey,298.0,7359
2013-14,Boys,Massachusetts,Lacrosse,227.0,9422
2013-14,Boys,Massachusetts,Skiing Cross Country,21.0,276
2013-14,Boys,Michigan,Ice Hockey,219.0,3564
2013-14,Boys,Michigan,Lacrosse,125.0,5089
2013-14,Boys,Michigan,Riflery,7.0,88
2013-14,Boys,Michigan,Skiing Cross Country,2.0,39
2013-14,Boys,Minnesota,Ice Hockey,274.0,5718
2013-14,Boys,Minnesota,Lacrosse,84.0,3223
2013-14,Boys,Minnesota,Riflery,,113
2013-14,Boys,Minnesota,Skiing Cross Country,113.0,1966
2013-14,Boys,New Hampshire,Ice Hockey,42.0,1026
2013-14,Boys,New Hampshire,Lacrosse,41.0,2118
2013-14,Boys,New Hampshire,Skiing Cross Country,30.0,283
2013-14,Boys,New Jersey,Ice Hockey,137.0,3887
2013-14,Boys,New Jersey,Lacrosse,190.0,11919
2013-14,Boys,New Jersey,Skiing Cross Country,48.0,198
2013-14,Boys,New York,Ice Hockey,150.0,3238
2013-14,Boys,New York,Lacrosse,328.0,16169
2013-14,Boys,New York,Riflery,19.0,276
2013-14,Boys,New York,Skiing Cross Country,35.0,395
2013-14,Boys,North Carolina,Lacrosse,96.0,2880
2013-14,Boys,North Dakota,Ice Hockey,34.0,606
2013-14,Boys,Ohio,Ice Hockey,82.0,1784
2013-14,Boys,Ohio,Lacrosse,93.0,4108
2013-14,Boys,Ohio,Riflery,2.0,23
2013-14,Boys,Pennsylvania,Ice Hockey,,187
2013-14,Boys,Pennsylvania,Lacrosse,187.0,5984
2013-14,Boys,Pennsylvania,Riflery,49.0,490
2013-14,Boys,Rhode Island,Ice Hockey,30.0,777
2013-14,Boys,Rhode Island,Lacrosse,31.0,1039
2013-14,Boys,South Carolina,Lacrosse,36.0,1588
2013-14,Boys,Vermont,Ice Hockey,27.0,419
2013-14,Boys,Vermont,Lacrosse,28.0,992
2013-14,Boys,Vermont,Riflery,1.0,13
2013-14,Boys,Vermont,Skiing Cross Country,21.0,273
2013-14,Boys,Virginia,Lacrosse,86.0,4067
2013-14,Boys,Wisconsin,Ice Hockey,90.0,2538
2013-14,Boys,Wyoming,Skiing Cross Country,7.0,71
2013-14,Boys,Wyoming,Lacrosse,,59
2013-14,Boys,Alabama,Skiing Alpine,,152
2013-14,Boys,Alabama,Soccer,152.0,3806
2013-14,Boys,Alabama,Swimming and Diving,42.0,308
2013-14,Boys,Alabama,Tennis,166.0,1709
2013-14,Boys,Alaska,Skiing Alpine,,35
2013-14,Boys,Alaska,Soccer,35.0,1015
2013-14,Boys,Alaska,Swimming and Diving,33.0,462
2013-14,Boys,Alaska,Tennis,15.0,217
2013-14,Boys,Arizona,Skiing Alpine,,194
2013-14,Boys,Arizona,Soccer,194.0,7090
2013-14,Boys,Arizona,Swimming and Diving,153.0,2923
2013-14,Boys,Arizona,Tennis,165.0,2297
2013-14,Boys,Arkansas,Skiing Alpine,,90
2013-14,Boys,Arkansas,Soccer,90.0,2381
2013-14,Boys,Arkansas,Swimming and Diving,35.0,381
2013-14,Boys,Arkansas,Tennis,108.0,961
2013-14,Boys,California,Skiing Alpine,32.0,244
2013-14,Boys,California,Soccer,1256.0,48560
2013-14,Boys,California,Swimming and Diving,861.0,23075
2013-14,Boys,California,Tennis,955.0,18931
2013-14,Boys,Colorado,Skiing Alpine,14.0,128
2013-14,Boys,Colorado,Soccer,196.0,7251
2013-14,Boys,Colorado,Swimming and Diving,90.0,2071
2013-14,Boys,Colorado,Tennis,124.0,2876
2013-14,Boys,Connecticut,Skiing Alpine,,177
2013-14,Boys,Connecticut,Soccer,177.0,6935
2013-14,Boys,Connecticut,Swimming and Diving,103.0,1987
2013-14,Boys,Connecticut,Tennis,138.0,2367
2013-14,Boys,Delaware,Skiing Alpine,,50
2013-14,Boys,Delaware,Soccer,50.0,1887
2013-14,Boys,Delaware,Swimming and Diving,37.0,636
2013-14,Boys,Delaware,Tennis,35.0,509
2013-14,Boys,Florida,Skiing Alpine,,562
2013-14,Boys,Florida,Soccer,562.0,15769
2013-14,Boys,Florida,Swimming and Diving,449.0,7085
2013-14,Boys,Florida,Tennis,498.0,4496
2013-14,Boys,Georgia,Skiing Alpine,,369
2013-14,Boys,Georgia,Soccer,369.0,10729
2013-14,Boys,Georgia,Swimming and Diving,238.0,3598
2013-14,Boys,Hawaii,Skiing Alpine,,53
2013-14,Boys,Hawaii,Soccer,53.0,1528
2013-14,Boys,Hawaii,Swimming and Diving,60.0,663
2013-14,Boys,Hawaii,Tennis,63.0,697
2013-14,Boys,Idaho,Skiing Alpine,,68
2013-14,Boys,Idaho,Soccer,68.0,1977
2013-14,Boys,Idaho,Swimming and Diving,,56
2013-14,Boys,Idaho,Tennis,56.0,1026
2013-14,Boys,Illinois,Skiing Alpine,,436
2013-14,Boys,Illinois,Soccer,436.0,18857
2013-14,Boys,Illinois,Swimming and Diving,238.0,6021
2013-14,Boys,Illinois,Tennis,292.0,7136
2013-14,Boys,Indiana,Skiing Alpine,,299
2013-14,Boys,Indiana,Soccer,299.0,8765
2013-14,Boys,Indiana,Swimming and Diving,230.0,3596
2013-14,Boys,Indiana,Tennis,299.0,4588
2013-14,Boys,Iowa,Skiing Alpine,,152
2013-14,Boys,Iowa,Soccer,152.0,6027
2013-14,Boys,Iowa,Swimming and Diving,47.0,1448
2013-14,Boys,Iowa,Tennis,108.0,2383
2013-14,Boys,Kansas,Skiing Alpine,,103
2013-14,Boys,Kansas,Soccer,103.0,4111
2013-14,Boys,Kansas,Swimming and Diving,68.0,1605
2013-14,Boys,Kansas,Tennis,121.0,2254
2013-14,Boys,Kentucky,Skiing Alpine,,188
2013-14,Boys,Kentucky,Soccer,188.0,5894
2013-14,Boys,Kentucky,Swimming and Diving,127.0,1616
2013-14,Boys,Kentucky,Tennis,209.0,2287
2013-14,Boys,Louisiana,Skiing Alpine,,161
2013-14,Boys,Louisiana,Soccer,161.0,4434
2013-14,Boys,Louisiana,Swimming and Diving,143.0,1200
2013-14,Boys,Louisiana,Tennis,171.0,1451
2013-14,Boys,Maine,Skiing Alpine,44.0,287
2013-14,Boys,Maine,Soccer,134.0,4061
2013-14,Boys,Maine,Swimming and Diving,55.0,676
2013-14,Boys,Maryland,Skiing Alpine,,182
2013-14,Boys,Maryland,Soccer,182.0,6486
2013-14,Boys,Maryland,Swimming and Diving,107.0,1955
2013-14,Boys,Maryland,Tennis,172.0,2239
2013-14,Boys,Massachusetts,Skiing Alpine,75.0,1167
2013-14,Boys,Massachusetts,Soccer,353.0,13414
2013-14,Boys,Massachusetts,Swimming and Diving,213.0,2948
2013-14,Boys,Massachusetts,Tennis,262.0,3658
2013-14,Boys,Michigan,Skiing Alpine,81.0,745
2013-14,Boys,Michigan,Soccer,475.0,14242
2013-14,Boys,Michigan,Swimming and Diving,242.0,5243
2013-14,Boys,Michigan,Tennis,312.0,6464
2013-14,Boys,Minnesota,Skiing Alpine,117.0,1022
2013-14,Boys,Minnesota,Soccer,244.0,8958
2013-14,Boys,Minnesota,Swimming and Diving,157.0,3853
2013-14,Boys,Minnesota,Tennis,191.0,4916
2013-14,Boys,Mississippi,Skiing Alpine,,135
2013-14,Boys,Mississippi,Soccer,135.0,3920
2013-14,Boys,Mississippi,Swimming and Diving,68.0,1790
2013-14,Boys,Mississippi,Tennis,178.0,2250
2013-14,Boys,Missouri,Skiing Alpine,,234
2013-14,Boys,Missouri,Soccer,234.0,8341
2013-14,Boys,Missouri,Swimming and Diving,107.0,1835
2013-14,Boys,Missouri,Tennis,182.0,3434
2013-14,Boys,Montana,Skiing Alpine,,30
2013-14,Boys,Montana,Soccer,30.0,821
2013-14,Boys,Montana,Swimming and Diving,18.0,199
2013-14,Boys,Montana,Tennis,40.0,779
2013-14,Boys,Nebraska,Skiing Alpine,,67
2013-14,Boys,Nebraska,Soccer,67.0,2647
2013-14,Boys,Nebraska,Swimming and Diving,58.0,831
2013-14,Boys,Nebraska,Tennis,61.0,1024
2013-14,Boys,Nevada,Skiing Alpine,21.0,237
2013-14,Boys,Nevada,Soccer,68.0,2195
2013-14,Boys,Nevada,Swimming and Diving,57.0,856
2013-14,Boys,Nevada,Tennis,54.0,685
2013-14,Boys,New Hampshire,Skiing Alpine,54.0,539
2013-14,Boys,New Hampshire,Soccer,85.0,3008
2013-14,Boys,New Hampshire,Swimming and Diving,52.0,436
2013-14,Boys,New Hampshire,Tennis,55.0,741
2013-14,Boys,New Jersey,Skiing Alpine,,395
2013-14,Boys,New Jersey,Soccer,395.0,18710
2013-14,Boys,New Jersey,Swimming and Diving,253.0,5296
2013-14,Boys,New Jersey,Tennis,331.0,6288
2013-14,Boys,New Mexico,Skiing Alpine,,69
2013-14,Boys,New Mexico,Soccer,69.0,2451
2013-14,Boys,New Mexico,Swimming and Diving,44.0,631
2013-14,Boys,New Mexico,Tennis,61.0,714
2013-14,Boys,New York,Skiing Alpine,85.0,873
2013-14,Boys,New York,Soccer,696.0,23669
2013-14,Boys,New York,Swimming and Diving,298.0,6833
2013-14,Boys,New York,Tennis,502.0,10036
2013-14,Boys,North Carolina,Skiing Alpine,,368
2013-14,Boys,North Carolina,Soccer,368.0,13711
2013-14,Boys,North Carolina,Swimming and Diving,305.0,4039
2013-14,Boys,North Carolina,Tennis,336.0,4392
2013-14,Boys,North Dakota,Skiing Alpine,,18
2013-14,Boys,North Dakota,Soccer,18.0,583
2013-14,Boys,North Dakota,Swimming and Diving,19.0,290
2013-14,Boys,North Dakota,Tennis,21.0,273
2013-14,Boys,Ohio,Skiing Alpine,2.0,18
2013-14,Boys,Ohio,Soccer,568.0,14700
2013-14,Boys,Ohio,Swimming and Diving,393.0,5313
2013-14,Boys,Ohio,Tennis,436.0,5735
2013-14,Boys,Oklahoma,Skiing Alpine,,124
2013-14,Boys,Oklahoma,Soccer,124.0,3897
2013-14,Boys,Oklahoma,Swimming and Diving,62.0,717
2013-14,Boys,Oklahoma,Tennis,137.0,1236
2013-14,Boys,Oregon,Skiing Alpine,,182
2013-14,Boys,Oregon,Soccer,182.0,6019
2013-14,Boys,Oregon,Swimming and Diving,125.0,1946
2013-14,Boys,Oregon,Tennis,125.0,2184
2013-14,Boys,Pennsylvania,Skiing Alpine,,572
2013-14,Boys,Pennsylvania,Soccer,572.0,20020
2013-14,Boys,Pennsylvania,Swimming and Diving,315.0,9450
2013-14,Boys,Pennsylvania,Tennis,390.0,4680
2013-14,Boys,Rhode Island,Skiing Alpine,,47
2013-14,Boys,Rhode Island,Soccer,47.0,1634
2013-14,Boys,Rhode Island,Swimming and Diving,23.0,393
2013-14,Boys,Rhode Island,Tennis,39.0,707
2013-14,Boys,South Carolina,Skiing Alpine,,166
2013-14,Boys,South Carolina,Soccer,166.0,5595
2013-14,Boys,South Carolina,Swimming and Diving,83.0,1209
2013-14,Boys,South Carolina,Tennis,123.0,1576
2013-14,Boys,South Dakota,Skiing Alpine,,11
2013-14,Boys,South Dakota,Soccer,11.0,287
2013-14,Boys,South Dakota,Swimming and Diving,,20
2013-14,Boys,South Dakota,Tennis,20.0,353
2013-14,Boys,Tennessee,Skiing Alpine,,289
2013-14,Boys,Tennessee,Soccer,289.0,7393
2013-14,Boys,Tennessee,Swimming and Diving,,274
2013-14,Boys,Tennessee,Tennis,274.0,2528
2013-14,Boys,Texas,Skiing Alpine,,587
2013-14,Boys,Texas,Soccer,587.0,35506
2013-14,Boys,Texas,Swimming and Diving,479.0,10094
2013-14,Boys,Texas,Tennis,1148.0,21460
2013-14,Boys,Utah,Skiing Alpine,,102
2013-14,Boys,Utah,Soccer,102.0,3455
2013-14,Boys,Utah,Swimming and Diving,84.0,1795
2013-14,Boys,Utah,Tennis,89.0,1778
2013-14,Boys,Vermont,Skiing Alpine,19.0,247
2013-14,Boys,Vermont,Soccer,47.0,1622
2013-14,Boys,Vermont,Swimming and Diving,2.0,15
2013-14,Boys,Vermont,Tennis,17.0,215
2013-14,Boys,Virginia,Skiing Alpine,,284
2013-14,Boys,Virginia,Soccer,284.0,10009
2013-14,Boys,Virginia,Swimming and Diving,192.0,3592
2013-14,Boys,Virginia,Tennis,251.0,2923
2013-14,Boys,Washington,Skiing Alpine,,276
2013-14,Boys,Washington,Soccer,276.0,10169
2013-14,Boys,Washington,Swimming and Diving,148.0,3633
2013-14,Boys,Washington,Tennis,226.0,4975
2013-14,Boys,West Virginia,Skiing Alpine,,76
2013-14,Boys,West Virginia,Soccer,76.0,1756
2013-14,Boys,West Virginia,Swimming and Diving,47.0,445
2013-14,Boys,West Virginia,Tennis,78.0,658
2013-14,Boys,Wisconsin,Skiing Alpine,,262
2013-14,Boys,Wisconsin,Soccer,262.0,9680
2013-14,Boys,Wisconsin,Swimming and Diving,114.0,2775
2013-14,Boys,Wisconsin,Tennis,192.0,4977
2013-14,Boys,Wyoming,Skiing Alpine,6.0,60
2013-14,Boys,Wyoming,Soccer,24.0,888
2013-14,Boys,Wyoming,Swimming and Diving,24.0,403
2013-14,Boys,Wyoming,Tennis,16.0,287
2013-14,Boys,Alabama,Track and Field Indoor,125.0,1463
2013-14,Boys,Alabama,Track and Field Outdoor,337.0,6911
2013-14,Boys,Alabama,Volleyball,,105
2013-14,Boys,Alabama,Wrestling,105.0,2196
2013-14,Boys,Alaska,Track and Field Indoor,,57
2013-14,Boys,Alaska,Track and Field Outdoor,57.0,1305
2013-14,Boys,Alaska,Volleyball,100.0,274
2013-14,Boys,Alaska,Wrestling,118.0,1351
2013-14,Boys,Arizona,Track and Field Indoor,,233
2013-14,Boys,Arizona,Track and Field Outdoor,233.0,8944
2013-14,Boys,Arizona,Volleyball,65.0,1680
2013-14,Boys,Arizona,Wrestling,202.0,6051
2013-14,Boys,Arkansas,Track and Field Indoor,48.0,985
2013-14,Boys,Arkansas,Track and Field Outdoor,222.0,4274
2013-14,Boys,Arkansas,Volleyball,,45
2013-14,Boys,Arkansas,Wrestling,45.0,957
2013-14,Boys,California,Track and Field Indoor,,1129
2013-14,Boys,California,Track and Field Outdoor,1129.0,54066
2013-14,Boys,California,Volleyball,664.0,16242
2013-14,Boys,California,Wrestling,839.0,27462
2013-14,Boys,Colorado,Track and Field Indoor,,299
2013-14,Boys,Colorado,Track and Field Outdoor,299.0,9489
2013-14,Boys,Colorado,Volleyball,,230
2013-14,Boys,Colorado,Wrestling,230.0,5170
2013-14,Boys,Connecticut,Track and Field Indoor,151.0,4963
2013-14,Boys,Connecticut,Track and Field Outdoor,173.0,7621
2013-14,Boys,Connecticut,Volleyball,41.0,885
2013-14,Boys,Connecticut,Wrestling,122.0,2731
2013-14,Boys,Delaware,Track and Field Indoor,35.0,875
2013-14,Boys,Delaware,Track and Field Outdoor,41.0,1411
2013-14,Boys,Delaware,Volleyball,6.0,124
2013-14,Boys,Delaware,Wrestling,46.0,1138
2013-14,Boys,Florida,Track and Field Indoor,,579
2013-14,Boys,Florida,Track and Field Outdoor,579.0,16275
2013-14,Boys,Florida,Volleyball,153.0,2259
2013-14,Boys,Florida,Wrestling,393.0,8912
2013-14,Boys,Georgia,Track and Field Indoor,,419
2013-14,Boys,Georgia,Track and Field Outdoor,419.0,13067
2013-14,Boys,Georgia,Volleyball,,345
2013-14,Boys,Georgia,Wrestling,345.0,8604
2013-14,Boys,Hawaii,Track and Field Indoor,,62
2013-14,Boys,Hawaii,Track and Field Outdoor,62.0,2105
2013-14,Boys,Hawaii,Volleyball,64.0,1238
2013-14,Boys,Hawaii,Wrestling,59.0,1196
2013-14,Boys,Idaho,Track and Field Indoor,,143
2013-14,Boys,Idaho,Track and Field Outdoor,143.0,4151
2013-14,Boys,Idaho,Volleyball,,99
2013-14,Boys,Idaho,Wrestling,99.0,2353
2013-14,Boys,Illinois,Track and Field Indoor,,601
2013-14,Boys,Illinois,Track and Field Outdoor,601.0,25270
2013-14,Boys,Illinois,Volleyball,189.0,6541
2013-14,Boys,Illinois,Wrestling,432.0,16022
2013-14,Boys,Indiana,Track and Field Indoor,,391
2013-14,Boys,Indiana,Track and Field Outdoor,391.0,13382
2013-14,Boys,Indiana,Volleyball,,313
2013-14,Boys,Indiana,Wrestling,313.0,7512
2013-14,Boys,Iowa,Track and Field Indoor,,356
2013-14,Boys,Iowa,Track and Field Outdoor,356.0,11604
2013-14,Boys,Iowa,Volleyball,,282
2013-14,Boys,Iowa,Wrestling,282.0,6773
2013-14,Boys,Kansas,Track and Field Indoor,,338
2013-14,Boys,Kansas,Track and Field Outdoor,338.0,9887
2013-14,Boys,Kansas,Volleyball,,215
2013-14,Boys,Kansas,Wrestling,215.0,5130
2013-14,Boys,Kentucky,Track and Field Indoor,,245
2013-14,Boys,Kentucky,Track and Field Outdoor,245.0,6369
2013-14,Boys,Kentucky,Volleyball,,99
2013-14,Boys,Kentucky,Wrestling,99.0,1999
2013-14,Boys,Louisiana,Track and Field Indoor,236.0,1629
2013-14,Boys,Louisiana,Track and Field Outdoor,356.0,8994
2013-14,Boys,Louisiana,Volleyball,,91
2013-14,Boys,Louisiana,Wrestling,91.0,1783
2013-14,Boys,Maine,Track and Field Indoor,66.0,1542
2013-14,Boys,Maine,Track and Field Outdoor,109.0,2877
2013-14,Boys,Maine,Volleyball,,61
2013-14,Boys,Maine,Wrestling,61.0,802
2013-14,Boys,Maryland,Track and Field Indoor,172.0,5072
2013-14,Boys,Maryland,Track and Field Outdoor,189.0,6528
2013-14,Boys,Maryland,Volleyball,38.0,591
2013-14,Boys,Maryland,Wrestling,178.0,4792
2013-14,Boys,Massachusetts,Track and Field Indoor,252.0,9819
2013-14,Boys,Massachusetts,Track and Field Outdoor,313.0,14031
2013-14,Boys,Massachusetts,Volleyball,105.0,2474
2013-14,Boys,Massachusetts,Wrestling,228.0,4522
2013-14,Boys,Michigan,Track and Field Indoor,,648
2013-14,Boys,Michigan,Track and Field Outdoor,648.0,22716
2013-14,Boys,Michigan,Volleyball,,451
2013-14,Boys,Michigan,Wrestling,451.0,10179
2013-14,Boys,Minnesota,Track and Field Indoor,,436
2013-14,Boys,Minnesota,Track and Field Outdoor,436.0,16488
2013-14,Boys,Minnesota,Volleyball,,346
2013-14,Boys,Minnesota,Wrestling,346.0,8236
2013-14,Boys,Mississippi,Track and Field Indoor,16.0,350
2013-14,Boys,Mississippi,Track and Field Outdoor,253.0,8300
2013-14,Boys,Mississippi,Wrestling,2.0,25
2013-14,Boys,Missouri,Track and Field Indoor,,491
2013-14,Boys,Missouri,Track and Field Outdoor,491.0,14131
2013-14,Boys,Missouri,Volleyball,41.0,1126
2013-14,Boys,Missouri,Wrestling,239.0,7281
2013-14,Boys,Montana,Track and Field Indoor,,170
2013-14,Boys,Montana,Track and Field Outdoor,170.0,3461
2013-14,Boys,Montana,Volleyball,,86
2013-14,Boys,Montana,Wrestling,86.0,1436
2013-14,Boys,Nebraska,Track and Field Indoor,,304
2013-14,Boys,Nebraska,Track and Field Outdoor,304.0,8435
2013-14,Boys,Nebraska,Volleyball,,247
2013-14,Boys,Nebraska,Wrestling,247.0,4519
2013-14,Boys,Nevada,Track and Field Indoor,,94
2013-14,Boys,Nevada,Track and Field Outdoor,94.0,3542
2013-14,Boys,Nevada,Volleyball,32.0,928
2013-14,Boys,Nevada,Wrestling,75.0,2420
2013-14,Boys,New Hampshire,Track and Field Indoor,59.0,1340
2013-14,Boys,New Hampshire,Track and Field Outdoor,78.0,2623
2013-14,Boys,New Hampshire,Volleyball,15.0,264
2013-14,Boys,New Hampshire,Wrestling,41.0,734
2013-14,Boys,New Jersey,Track and Field Indoor,310.0,11919
2013-14,Boys,New Jersey,Track and Field Outdoor,372.0,19458
2013-14,Boys,New Jersey,Volleyball,114.0,3460
2013-14,Boys,New Jersey,Wrestling,317.0,10276
2013-14,Boys,New Mexico,Track and Field Indoor,,156
2013-14,Boys,New Mexico,Track and Field Outdoor,156.0,4404
2013-14,Boys,New Mexico,Volleyball,,61
2013-14,Boys,New Mexico,Wrestling,61.0,1846
2013-14,Boys,New York,Track and Field Indoor,411.0,12384
2013-14,Boys,New York,Track and Field Outdoor,653.0,23169
2013-14,Boys,New York,Volleyball,183.0,4092
2013-14,Boys,New York,Wrestling,497.0,13668
2013-14,Boys,North Carolina,Track and Field Indoor,270.0,6125
2013-14,Boys,North Carolina,Track and Field Outdoor,383.0,14625
2013-14,Boys,North Carolina,Volleyball,,335
2013-14,Boys,North Carolina,Wrestling,335.0,9584
2013-14,Boys,North Dakota,Track and Field Indoor,,146
2013-14,Boys,North Dakota,Track and Field Outdoor,146.0,2152
2013-14,Boys,North Dakota,Volleyball,,101
2013-14,Boys,North Dakota,Wrestling,101.0,985
2013-14,Boys,Ohio,Track and Field Indoor,169.0,2559
2013-14,Boys,Ohio,Track and Field Outdoor,788.0,24366
2013-14,Boys,Ohio,Volleyball,112.0,2750
2013-14,Boys,Ohio,Wrestling,603.0,11430
2013-14,Boys,Oklahoma,Track and Field Indoor,,372
2013-14,Boys,Oklahoma,Track and Field Outdoor,372.0,6286
2013-14,Boys,Oklahoma,Volleyball,,149
2013-14,Boys,Oklahoma,Wrestling,149.0,3609
2013-14,Boys,Oregon,Track and Field Indoor,,273
2013-14,Boys,Oregon,Track and Field Outdoor,273.0,9099
2013-14,Boys,Oregon,Volleyball,,198
2013-14,Boys,Oregon,Wrestling,198.0,4956
2013-14,Boys,Pennsylvania,Track and Field Indoor,184.0,2760
2013-14,Boys,Pennsylvania,Track and Field Outdoor,607.0,24280
2013-14,Boys,Pennsylvania,Volleyball,207.0,3726
2013-14,Boys,Pennsylvania,Wrestling,488.0,9760
2013-14,Boys,Rhode Island,Track and Field Indoor,40.0,1448
2013-14,Boys,Rhode Island,Track and Field Outdoor,43.0,1590
2013-14,Boys,Rhode Island,Volleyball,28.0,630
2013-14,Boys,Rhode Island,Wrestling,36.0,859
2013-14,Boys,South Carolina,Track and Field Indoor,,199
2013-14,Boys,South Carolina,Track and Field Outdoor,199.0,8076
2013-14,Boys,South Carolina,Volleyball,,140
2013-14,Boys,South Carolina,Wrestling,140.0,5063
2013-14,Boys,South Dakota,Track and Field Indoor,,172
2013-14,Boys,South Dakota,Track and Field Outdoor,172.0,3464
2013-14,Boys,South Dakota,Volleyball,,109
2013-14,Boys,South Dakota,Wrestling,109.0,1341
2013-14,Boys,Tennessee,Track and Field Indoor,,287
2013-14,Boys,Tennessee,Track and Field Outdoor,287.0,7519
2013-14,Boys,Tennessee,Volleyball,,177
2013-14,Boys,Tennessee,Wrestling,177.0,4341
2013-14,Boys,Texas,Track and Field Indoor,,1316
2013-14,Boys,Texas,Track and Field Outdoor,1316.0,73198
2013-14,Boys,Texas,Volleyball,,281
2013-14,Boys,Texas,Wrestling,281.0,11352
2013-14,Boys,Utah,Track and Field Indoor,,127
2013-14,Boys,Utah,Track and Field Outdoor,127.0,5104
2013-14,Boys,Utah,Volleyball,,109
2013-14,Boys,Utah,Wrestling,109.0,3300
2013-14,Boys,Vermont,Track and Field Indoor,22.0,302
2013-14,Boys,Vermont,Track and Field Outdoor,40.0,944
2013-14,Boys,Vermont,Volleyball,5.0,55
2013-14,Boys,Vermont,Wrestling,19.0,227
2013-14,Boys,Virginia,Track and Field Indoor,210.0,7099
2013-14,Boys,Virginia,Track and Field Outdoor,301.0,11081
2013-14,Boys,Virginia,Volleyball,72.0,1237
2013-14,Boys,Virginia,Wrestling,304.0,6877
2013-14,Boys,Washington,Track and Field Indoor,,342
2013-14,Boys,Washington,Track and Field Outdoor,342.0,13005
2013-14,Boys,Washington,Volleyball,,276
2013-14,Boys,Washington,Wrestling,276.0,7747
2013-14,Boys,West Virginia,Track and Field Indoor,,120
2013-14,Boys,West Virginia,Track and Field Outdoor,120.0,2792
2013-14,Boys,West Virginia,Volleyball,,92
2013-14,Boys,West Virginia,Wrestling,92.0,1542
2013-14,Boys,Wisconsin,Track and Field Indoor,,426
2013-14,Boys,Wisconsin,Track and Field Outdoor,426.0,15243
2013-14,Boys,Wisconsin,Volleyball,51.0,1573
2013-14,Boys,Wisconsin,Wrestling,334.0,7147
2013-14,Boys,Wyoming,Track and Field Indoor,21.0,594
2013-14,Boys,Wyoming,Track and Field Outdoor,70.0,1633
2013-14,Boys,Wyoming,Volleyball,,53
2013-14,Boys,Wyoming,Wrestling,53.0,1086
2013-14,Girls,Alabama,Basketball,409.0,6184
2013-14,Girls,Alabama,Competitive Spirit Squads,,223
2013-14,Girls,Alabama,Cross Country,223.0,1361
2013-14,Girls,Alaska,Basketball,128.0,1830
2013-14,Girls,Alaska,Bowling,10.0,68
2013-14,Girls,Alaska,Competitive Spirit Squads,103.0,1228
2013-14,Girls,Alaska,Cross Country,111.0,769
2013-14,Girls,Arizona,Basketball,250.0,6626
2013-14,Girls,Arizona,Bowling,,193
2013-14,Girls,Arizona,Competitive Spirit Squads,193.0,6480
2013-14,Girls,Arizona,Cross Country,217.0,2909
2013-14,Girls,Arkansas,Basketball,263.0,4338
2013-14,Girls,Arkansas,Bowling,59.0,544
2013-14,Girls,Arkansas,Competitive Spirit Squads,82.0,1759
2013-14,Girls,Arkansas,Cross Country,138.0,1194
2013-14,Girls,California,Basketball,1326.0,33471
2013-14,Girls,California,Bowling,10.0,139
2013-14,Girls,California,Competitive Spirit Squads,310.0,8700
2013-14,Girls,California,Cross Country,1180.0,25190
2013-14,Girls,Colorado,Basketball,332.0,7236
2013-14,Girls,Colorado,Bowling,,190
2013-14,Girls,Colorado,Competitive Spirit Squads,190.0,4769
2013-14,Girls,Colorado,Cross Country,234.0,4221
2013-14,Girls,Connecticut,Basketball,184.0,4053
2013-14,Girls,Connecticut,Bowling,,154
2013-14,Girls,Connecticut,Competitive Spirit Squads,154.0,2710
2013-14,Girls,Connecticut,Cross Country,178.0,2846
2013-14,Girls,Delaware,Basketball,50.0,993
2013-14,Girls,Delaware,Bowling,,12
2013-14,Girls,Delaware,Competitive Spirit Squads,12.0,113
2013-14,Girls,Delaware,Cross Country,47.0,797
2013-14,Girls,Florida,Basketball,643.0,11220
2013-14,Girls,Florida,Bowling,190.0,1625
2013-14,Girls,Florida,Competitive Spirit Squads,235.0,5584
2013-14,Girls,Florida,Cross Country,566.0,7237
2013-14,Girls,Georgia,Basketball,431.0,9084
2013-14,Girls,Georgia,Bowling,,243
2013-14,Girls,Georgia,Competitive Spirit Squads,243.0,5107
2013-14,Girls,Georgia,Cross Country,400.0,6202
2013-14,Girls,Hawaii,Basketball,61.0,1213
2013-14,Girls,Hawaii,Bowling,54.0,405
2013-14,Girls,Hawaii,Competitive Spirit Squads,37.0,872
2013-14,Girls,Hawaii,Cross Country,72.0,722
2013-14,Girls,Idaho,Basketball,154.0,3170
2013-14,Girls,Idaho,Bowling,,83
2013-14,Girls,Idaho,Competitive Spirit Squads,83.0,1528
2013-14,Girls,Idaho,Cross Country,105.0,1344
2013-14,Girls,Illinois,Basketball,679.0,17560
2013-14,Girls,Illinois,Bowling,214.0,3017
2013-14,Girls,Illinois,Competitive Spirit Squads,288.0,7281
2013-14,Girls,Illinois,Cross Country,505.0,10961
2013-14,Girls,Indiana,Basketball,402.0,8280
2013-14,Girls,Indiana,Competitive Spirit Squads,,379
2013-14,Girls,Indiana,Cross Country,379.0,5003
2013-14,Girls,Iowa,Basketball,361.0,8026
2013-14,Girls,Iowa,Bowling,90.0,1274
2013-14,Girls,Iowa,Competitive Spirit Squads,,319
2013-14,Girls,Iowa,Cross Country,319.0,4609
2013-14,Girls,Kansas,Basketball,350.0,6827
2013-14,Girls,Kansas,Bowling,77.0,859
2013-14,Girls,Kansas,Competitive Spirit Squads,,252
2013-14,Girls,Kansas,Cross Country,252.0,2977
2013-14,Girls,Kentucky,Basketball,269.0,5447
2013-14,Girls,Kentucky,Bowling,89.0,820
2013-14,Girls,Kentucky,Competitive Spirit Squads,251.0,5328
2013-14,Girls,Kentucky,Cross Country,241.0,2911
2013-14,Girls,Louisiana,Basketball,373.0,5519
2013-14,Girls,Louisiana,Bowling,70.0,399
2013-14,Girls,Louisiana,Competitive Spirit Squads,,284
2013-14,Girls,Louisiana,Cross Country,284.0,2521
2013-14,Girls,Maine,Basketball,140.0,2915
2013-14,Girls,Maine,Bowling,7.0,29
2013-14,Girls,Maine,Competitive Spirit Squads,85.0,1628
2013-14,Girls,Maine,Cross Country,102.0,1091
2013-14,Girls,Maryland,Basketball,194.0,4665
2013-14,Girls,Maryland,Bowling,4.0,22
2013-14,Girls,Maryland,Competitive Spirit Squads,,186
2013-14,Girls,Maryland,Cross Country,186.0,2817
2013-14,Girls,Massachusetts,Basketball,360.0,10039
2013-14,Girls,Massachusetts,Competitive Spirit Squads,,328
2013-14,Girls,Massachusetts,Cross Country,328.0,5617
2013-14,Girls,Michigan,Basketball,676.0,16329
2013-14,Girls,Michigan,Bowling,326.0,2946
2013-14,Girls,Michigan,Competitive Spirit Squads,311.0,7120
2013-14,Girls,Michigan,Cross Country,591.0,8703
2013-14,Girls,Minnesota,Basketball,457.0,11697
2013-14,Girls,Minnesota,Competitive Spirit Squads,,354
2013-14,Girls,Minnesota,Cross Country,354.0,8688
2013-14,Girls,Mississippi,Basketball,259.0,8450
2013-14,Girls,Mississippi,Bowling,51.0,520
2013-14,Girls,Mississippi,Competitive Spirit Squads,125.0,3010
2013-14,Girls,Mississippi,Cross Country,150.0,1400
2013-14,Girls,Missouri,Basketball,548.0,10318
2013-14,Girls,Missouri,Bowling,6.0,17
2013-14,Girls,Missouri,Competitive Spirit Squads,,381
2013-14,Girls,Missouri,Cross Country,381.0,4195
2013-14,Girls,Montana,Basketball,176.0,3086
2013-14,Girls,Montana,Competitive Spirit Squads,,101
2013-14,Girls,Montana,Cross Country,101.0,931
2013-14,Girls,Nebraska,Basketball,304.0,6207
2013-14,Girls,Nebraska,Competitive Spirit Squads,,223
2013-14,Girls,Nebraska,Cross Country,223.0,2195
2013-14,Girls,Nevada,Basketball,96.0,2443
2013-14,Girls,Nevada,Bowling,34.0,272
2013-14,Girls,Nevada,Competitive Spirit Squads,,81
2013-14,Girls,Nevada,Cross Country,81.0,881
2013-14,Girls,New Hampshire,Basketball,86.0,1951
2013-14,Girls,New Hampshire,Bowling,11.0,59
2013-14,Girls,New Hampshire,Competitive Spirit Squads,76.0,1152
2013-14,Girls,New Hampshire,Cross Country,75.0,910
2013-14,Girls,New Jersey,Basketball,415.0,10701
2013-14,Girls,New Jersey,Bowling,217.0,2230
2013-14,Girls,New Jersey,Competitive Spirit Squads,,374
2013-14,Girls,New Jersey,Cross Country,374.0,6075
2013-14,Girls,New Mexico,Basketball,155.0,3720
2013-14,Girls,New Mexico,Bowling,23.0,216
2013-14,Girls,New Mexico,Competitive Spirit Squads,156.0,2449
2013-14,Girls,New Mexico,Cross Country,105.0,1371
2013-14,Girls,New York,Basketball,731.0,16997
2013-14,Girls,New York,Bowling,327.0,3445
2013-14,Girls,New York,Competitive Spirit Squads,430.0,567
2013-14,Girls,New York,Cross Country,567.0,7966
2013-14,Girls,North Carolina,Basketball,397.0,8696
2013-14,Girls,North Carolina,Bowling,,389
2013-14,Girls,North Carolina,Competitive Spirit Squads,389.0,374
2013-14,Girls,North Carolina,Cross Country,374.0,4741
2013-14,Girls,North Dakota,Basketball,158.0,2232
2013-14,Girls,North Dakota,Competitive Spirit Squads,,70
2013-14,Girls,North Dakota,Cross Country,70.0,517
2013-14,Girls,Ohio,Basketball,795.0,17298
2013-14,Girls,Ohio,Bowling,325.0,3210
2013-14,Girls,Ohio,Competitive Spirit Squads,128.0,2033
2013-14,Girls,Ohio,Cross Country,730.0,7998
2013-14,Girls,Oklahoma,Basketball,479.0,7974
2013-14,Girls,Oklahoma,Bowling,,60
2013-14,Girls,Oklahoma,Competitive Spirit Squads,60.0,5430
2013-14,Girls,Oklahoma,Cross Country,249.0,2680
2013-14,Girls,Oregon,Basketball,285.0,5923
2013-14,Girls,Oregon,Bowling,,152
2013-14,Girls,Oregon,Competitive Spirit Squads,152.0,2701
2013-14,Girls,Oregon,Cross Country,223.0,3053
2013-14,Girls,Pennsylvania,Basketball,711.0,21330
2013-14,Girls,Pennsylvania,Bowling,138.0,1380
2013-14,Girls,Pennsylvania,Competitive Spirit Squads,263.0,3945
2013-14,Girls,Pennsylvania,Cross Country,559.0,11200
2013-14,Girls,Rhode Island,Basketball,50.0,1022
2013-14,Girls,Rhode Island,Bowling,,29
2013-14,Girls,Rhode Island,Competitive Spirit Squads,29.0,508
2013-14,Girls,Rhode Island,Cross Country,44.0,705
2013-14,Girls,South Carolina,Basketball,207.0,4797
2013-14,Girls,South Carolina,Bowling,,84
2013-14,Girls,South Carolina,Competitive Spirit Squads,84.0,2956
2013-14,Girls,South Carolina,Cross Country,149.0,2332
2013-14,Girls,South Dakota,Basketball,172.0,2748
2013-14,Girls,South Dakota,Bowling,,38
2013-14,Girls,South Dakota,Competitive Spirit Squads,38.0,709
2013-14,Girls,South Dakota,Cross Country,133.0,766
2013-14,Girls,Tennessee,Basketball,379.0,6275
2013-14,Girls,Tennessee,Bowling,145.0,1193
2013-14,Girls,Tennessee,Competitive Spirit Squads,,297
2013-14,Girls,Tennessee,Cross Country,297.0,3199
2013-14,Girls,Texas,Basketball,1304.0,68564
2013-14,Girls,Texas,Competitive Spirit Squads,,1269
2013-14,Girls,Texas,Cross Country,1269.0,24042
2013-14,Girls,Utah,Basketball,127.0,2935
2013-14,Girls,Utah,Competitive Spirit Squads,,123
2013-14,Girls,Utah,Cross Country,123.0,2120
2013-14,Girls,Vermont,Basketball,48.0,1111
2013-14,Girls,Vermont,Bowling,7.0,23
2013-14,Girls,Vermont,Competitive Spirit Squads,8.0,99
2013-14,Girls,Vermont,Cross Country,42.0,511
2013-14,Girls,Virginia,Basketball,307.0,7784
2013-14,Girls,Virginia,Bowling,,223
2013-14,Girls,Virginia,Competitive Spirit Squads,223.0,5007
2013-14,Girls,Virginia,Cross Country,293.0,4922
2013-14,Girls,Washington,Basketball,370.0,8704
2013-14,Girls,Washington,Bowling,65.0,969
2013-14,Girls,Washington,Competitive Spirit Squads,,307
2013-14,Girls,Washington,Cross Country,307.0,4820
2013-14,Girls,West Virginia,Basketball,145.0,2143
2013-14,Girls,West Virginia,Bowling,,133
2013-14,Girls,West Virginia,Competitive Spirit Squads,133.0,2075
2013-14,Girls,West Virginia,Cross Country,97.0,770
2013-14,Girls,Wisconsin,Basketball,473.0,11206
2013-14,Girls,Wisconsin,Competitive Spirit Squads,,393
2013-14,Girls,Wisconsin,Cross Country,393.0,6490
2013-14,Girls,Wyoming,Basketball,70.0,1592
2013-14,Girls,Wyoming,Bowling,,34
2013-14,Girls,Wyoming,Competitive Spirit Squads,34.0,631
2013-14,Girls,Wyoming,Cross Country,41.0,386
2013-14,Girls,Alabama,Football 11-player,,178
2013-14,Girls,Alabama,Golf,178.0,684
2013-14,Girls,Alaska,Football 11-player,9.0,27
2013-14,Girls,Alaska,Golf,,12
2013-14,Girls,Alaska,Gymnastics,12.0,120
2013-14,Girls,Arizona,Field Hockey,,28
2013-14,Girls,Arizona,Football 11-player,28.0,109
2013-14,Girls,Arizona,Golf,163.0,965
2013-14,Girls,Arkansas,Field Hockey,,13
2013-14,Girls,Arkansas,Football 11-player,13.0,60
2013-14,Girls,Arkansas,Golf,156.0,695
2013-14,Girls,Arkansas,Gymnastics,4.0,73
2013-14,Girls,California,Field Hockey,97.0,3329
2013-14,Girls,California,Football 11-player,150.0,252
2013-14,Girls,California,Golf,816.0,6950
2013-14,Girls,California,Gymnastics,63.0,1076
2013-14,Girls,Colorado,Field Hockey,13.0,591
2013-14,Girls,Colorado,Football 11-player,,216
2013-14,Girls,Colorado,Golf,145.0,1495
2013-14,Girls,Colorado,Gymnastics,43.0,481
2013-14,Girls,Connecticut,Field Hockey,81.0,3229
2013-14,Girls,Connecticut,Football 11-player,,21
2013-14,Girls,Connecticut,Golf,47.0,642
2013-14,Girls,Connecticut,Gymnastics,54.0,443
2013-14,Girls,Delaware,Field Hockey,48.0,1500
2013-14,Girls,Delaware,Football 11-player,,2
2013-14,Girls,Delaware,Golf,2.0,70
2013-14,Girls,Florida,Football 11-player,,37
2013-14,Girls,Florida,Golf,428.0,2406
2013-14,Girls,Georgia,Field Hockey,,17
2013-14,Girls,Georgia,Football 11-player,17.0,38
2013-14,Girls,Georgia,Golf,347.0,1809
2013-14,Girls,Georgia,Gymnastics,54.0,472
2013-14,Girls,Hawaii,Football 11-player,,16
2013-14,Girls,Hawaii,Golf,45.0,215
2013-14,Girls,Idaho,Football 11-player,,84
2013-14,Girls,Idaho,Golf,84.0,540
2013-14,Girls,Illinois,Field Hockey,4.0,95
2013-14,Girls,Illinois,Football 11-player,,398
2013-14,Girls,Illinois,Golf,398.0,3880
2013-14,Girls,Illinois,Gymnastics,75.0,1912
2013-14,Girls,Indiana,Football 11-player,,288
2013-14,Girls,Indiana,Golf,288.0,2363
2013-14,Girls,Indiana,Gymnastics,73.0,677
2013-14,Girls,Iowa,Field Hockey,,11
2013-14,Girls,Iowa,Football 11-player,11.0,32
2013-14,Girls,Iowa,Golf,327.0,3148
2013-14,Girls,Kansas,Football 11-player,,22
2013-14,Girls,Kansas,Golf,97.0,1039
2013-14,Girls,Kansas,Gymnastics,13.0,156
2013-14,Girls,Kentucky,Field Hockey,20.0,735
2013-14,Girls,Kentucky,Football 11-player,,13
2013-14,Girls,Kentucky,Golf,214.0,1367
2013-14,Girls,Louisiana,Football 11-player,,156
2013-14,Girls,Louisiana,Golf,156.0,250
2013-14,Girls,Louisiana,Gymnastics,48.0,144
2013-14,Girls,Maine,Field Hockey,81.0,2361
2013-14,Girls,Maine,Football 11-player,8.0,11
2013-14,Girls,Maine,Golf,57.0,101
2013-14,Girls,Maryland,Field Hockey,125.0,3976
2013-14,Girls,Maryland,Football 11-player,,46
2013-14,Girls,Maryland,Golf,121.0,262
2013-14,Girls,Maryland,Gymnastics,8.0,122
2013-14,Girls,Massachusetts,Field Hockey,216.0,8007
2013-14,Girls,Massachusetts,Football 11-player,,26
2013-14,Girls,Massachusetts,Golf,33.0,528
2013-14,Girls,Massachusetts,Gymnastics,97.0,1286
2013-14,Girls,Michigan,Field Hockey,28.0,947
2013-14,Girls,Michigan,Football 11-player,,43
2013-14,Girls,Michigan,Golf,317.0,3427
2013-14,Girls,Michigan,Gymnastics,56.0,600
2013-14,Girls,Minnesota,Football 11-player,,5
2013-14,Girls,Minnesota,Golf,363.0,4206
2013-14,Girls,Minnesota,Gymnastics,195.0,2608
2013-14,Girls,Mississippi,Football 11-player,,98
2013-14,Girls,Mississippi,Golf,98.0,275
2013-14,Girls,Missouri,Field Hockey,30.0,1053
2013-14,Girls,Missouri,Football 11-player,,183
2013-14,Girls,Missouri,Golf,183.0,1755
2013-14,Girls,Montana,Football 11-player,3.0,3
2013-14,Girls,Montana,Golf,88.0,480
2013-14,Girls,Nebraska,Football 11-player,,17
2013-14,Girls,Nebraska,Golf,139.0,1306
2013-14,Girls,Nevada,Football 11-player,,67
2013-14,Girls,Nevada,Golf,67.0,431
2013-14,Girls,New Hampshire,Field Hockey,56.0,1823
2013-14,Girls,New Hampshire,Football 11-player,,7
2013-14,Girls,New Hampshire,Golf,24.0,47
2013-14,Girls,New Hampshire,Gymnastics,28.0,206
2013-14,Girls,New Jersey,Field Hockey,229.0,8516
2013-14,Girls,New Jersey,Football 11-player,,197
2013-14,Girls,New Jersey,Golf,199.0,1288
2013-14,Girls,New Jersey,Gymnastics,83.0,1219
2013-14,Girls,New Mexico,Field Hockey,,127
2013-14,Girls,New Mexico,Football 11-player,127.0,30
2013-14,Girls,New Mexico,Golf,63.0,377
2013-14,Girls,New York,Field Hockey,230.0,7504
2013-14,Girls,New York,Football 11-player,,153
2013-14,Girls,New York,Golf,153.0,1811
2013-14,Girls,New York,Gymnastics,108.0,1625
2013-14,Girls,North Carolina,Field Hockey,23.0,460
2013-14,Girls,North Carolina,Football 11-player,,280
2013-14,Girls,North Carolina,Golf,280.0,1292
2013-14,Girls,North Carolina,Gymnastics,38.0,203
2013-14,Girls,North Dakota,Football 11-player,3.0,6
2013-14,Girls,North Dakota,Golf,93.0,501
2013-14,Girls,North Dakota,Gymnastics,17.0,105
2013-14,Girls,Ohio,Field Hockey,40.0,977
2013-14,Girls,Ohio,Football 11-player,18.0,105
2013-14,Girls,Ohio,Golf,510.0,3084
2013-14,Girls,Ohio,Gymnastics,146.0,1061
2013-14,Girls,Oklahoma,Field Hockey,,17
2013-14,Girls,Oklahoma,Football 11-player,17.0,100
2013-14,Girls,Oklahoma,Golf,218.0,1306
2013-14,Girls,Oregon,Football 11-player,,43
2013-14,Girls,Oregon,Golf,163.0,878
2013-14,Girls,Pennsylvania,Field Hockey,284.0,9940
2013-14,Girls,Pennsylvania,Football 11-player,,358
2013-14,Girls,Pennsylvania,Golf,358.0,3580
2013-14,Girls,Pennsylvania,Gymnastics,21.0,210
2013-14,Girls,Rhode Island,Field Hockey,22.0,650
2013-14,Girls,Rhode Island,Football 11-player,,6
2013-14,Girls,Rhode Island,Golf,1.0,96
2013-14,Girls,Rhode Island,Gymnastics,12.0,169
2013-14,Girls,South Carolina,Football 11-player,,92
2013-14,Girls,South Carolina,Golf,92.0,711
2013-14,Girls,South Dakota,Football 11-player,2.0,4
2013-14,Girls,South Dakota,Golf,116.0,660
2013-14,Girls,South Dakota,Gymnastics,30.0,272
2013-14,Girls,Tennessee,Football 11-player,,267
2013-14,Girls,Tennessee,Golf,267.0,934
2013-14,Girls,Texas,Football 11-player,,179
2013-14,Girls,Texas,Golf,1170.0,8577
2013-14,Girls,Utah,Football 11-player,,104
2013-14,Girls,Utah,Golf,104.0,1033
2013-14,Girls,Vermont,Field Hockey,28.0,898
2013-14,Girls,Vermont,Football 11-player,4.0,4
2013-14,Girls,Vermont,Golf,25.0,94
2013-14,Girls,Vermont,Gymnastics,10.0,82
2013-14,Girls,Virginia,Field Hockey,140.0,4746
2013-14,Girls,Virginia,Football 11-player,36.0,36
2013-14,Girls,Virginia,Golf,165.0,457
2013-14,Girls,Virginia,Gymnastics,75.0,900
2013-14,Girls,Washington,Football 11-player,,254
2013-14,Girls,Washington,Golf,254.0,2075
2013-14,Girls,Washington,Gymnastics,84.0,1758
2013-14,Girls,West Virginia,Football 11-player,,9
2013-14,Girls,West Virginia,Golf,9.0,16
2013-14,Girls,Wisconsin,Football 11-player,,151
2013-14,Girls,Wisconsin,Golf,151.0,1835
2013-14,Girls,Wisconsin,Gymnastics,79.0,1251
2013-14,Girls,Wyoming,Football 11-player,2.0,2
2013-14,Girls,Wyoming,Golf,39.0,211
2013-14,Girls,Alaska,Ice Hockey,11.0,53
2013-14,Girls,Alaska,Lacrosse,,26
2013-14,Girls,Alaska,Skiing Alpine,26.0,419
2013-14,Girls,California,Ice Hockey,8.0,48
2013-14,Girls,California,Lacrosse,193.0,6039
2013-14,Girls,California,Skiing Alpine,5.0,16
2013-14,Girls,California,Skiing Cross Country,28.0,206
2013-14,Girls,Colorado,Ice Hockey,,7
2013-14,Girls,Colorado,Lacrosse,50.0,1590
2013-14,Girls,Colorado,Skiing Alpine,14.0,76
2013-14,Girls,Colorado,Skiing Cross Country,14.0,117
2013-14,Girls,Connecticut,Ice Hockey,,7
2013-14,Girls,Connecticut,Lacrosse,89.0,3682
2013-14,Girls,Delaware,Ice Hockey,,31
2013-14,Girls,Delaware,Lacrosse,31.0,847
2013-14,Girls,Delaware,Skiing Cross Country,7.0,14
2013-14,Girls,Florida,Ice Hockey,,152
2013-14,Girls,Florida,Lacrosse,152.0,4256
2013-14,Girls,Georgia,Ice Hockey,,84
2013-14,Girls,Georgia,Lacrosse,84.0,2719
2013-14,Girls,Illinois,Ice Hockey,,55
2013-14,Girls,Illinois,Lacrosse,55.0,405
2013-14,Girls,Kentucky,Ice Hockey,,15
2013-14,Girls,Kentucky,Lacrosse,15.0,541
2013-14,Girls,Maine,Ice Hockey,46.0,378
2013-14,Girls,Maine,Lacrosse,50.0,1482
2013-14,Girls,Maine,Skiing Alpine,47.0,302
2013-14,Girls,Maine,Skiing Cross Country,46.0,248
2013-14,Girls,Maryland,Ice Hockey,,139
2013-14,Girls,Maryland,Lacrosse,139.0,5137
2013-14,Girls,Massachusetts,Ice Hockey,137.0,2157
2013-14,Girls,Massachusetts,Lacrosse,196.0,7518
2013-14,Girls,Massachusetts,Skiing Alpine,20.0,399
2013-14,Girls,Massachusetts,Skiing Cross Country,72.0,954
2013-14,Girls,Michigan,Ice Hockey,15.0,269
2013-14,Girls,Michigan,Lacrosse,86.0,2540
2013-14,Girls,Michigan,Skiing Alpine,4.0,26
2013-14,Girls,Michigan,Skiing Cross Country,78.0,662
2013-14,Girls,Minnesota,Ice Hockey,245.0,3784
2013-14,Girls,Minnesota,Lacrosse,87.0,3525
2013-14,Girls,Minnesota,Skiing Alpine,113.0,2403
2013-14,Girls,Minnesota,Skiing Cross Country,119.0,831
2013-14,Girls,Missouri,Ice Hockey,,31
2013-14,Girls,Missouri,Lacrosse,31.0,1256
2013-14,Girls,Nevada,Skiing Alpine,,19
2013-14,Girls,Nevada,Skiing Cross Country,19.0,159
2013-14,Girls,New Hampshire,Ice Hockey,11.0,231
2013-14,Girls,New Hampshire,Lacrosse,47.0,1558
2013-14,Girls,New Hampshire,Skiing Alpine,29.0,278
2013-14,Girls,New Hampshire,Skiing Cross Country,52.0,403
2013-14,Girls,New Jersey,Ice Hockey,19.0,203
2013-14,Girls,New Jersey,Lacrosse,199.0,9573
2013-14,Girls,New Jersey,Skiing Alpine,44.0,117
2013-14,Girls,New York,Ice Hockey,24.0,439
2013-14,Girls,New York,Lacrosse,298.0,11922
2013-14,Girls,New York,Skiing Alpine,32.0,398
2013-14,Girls,New York,Skiing Cross Country,84.0,706
2013-14,Girls,North Carolina,Ice Hockey,,70
2013-14,Girls,North Carolina,Lacrosse,70.0,1672
2013-14,Girls,North Dakota,Ice Hockey,18.0,221
2013-14,Girls,Ohio,Ice Hockey,12.0,22
2013-14,Girls,Ohio,Lacrosse,86.0,3035
2013-14,Girls,Ohio,Skiing Cross Country,1.0,12
2013-14,Girls,Pennsylvania,Ice Hockey,,199
2013-14,Girls,Pennsylvania,Lacrosse,199.0,6368
2013-14,Girls,Rhode Island,Ice Hockey,10.0,245
2013-14,Girls,Rhode Island,Lacrosse,31.0,1051
2013-14,Girls,South Carolina,Ice Hockey,,33
2013-14,Girls,South Carolina,Lacrosse,33.0,992
2013-14,Girls,Vermont,Ice Hockey,22.0,247
2013-14,Girls,Vermont,Lacrosse,25.0,712
2013-14,Girls,Vermont,Skiing Alpine,24.0,351
2013-14,Girls,Vermont,Skiing Cross Country,19.0,164
2013-14,Girls,Virginia,Ice Hockey,,90
2013-14,Girls,Virginia,Lacrosse,90.0,3258
2013-14,Girls,Wisconsin,Ice Hockey,34.0,839
2013-14,Girls,Wyoming,Lacrosse,,7
2013-14,Girls,Wyoming,Skiing Alpine,7.0,78
2013-14,Girls,Wyoming,Skiing Cross Country,6.0,65
2013-14,Girls,Alabama,Soccer,144.0,3291
2013-14,Girls,Alabama,Softball Slow Pitch,,400
2013-14,Girls,Alabama,Softball Fast Pitch,400.0,6206
2013-14,Girls,Alabama,Swimming and Diving,36.0,268
2013-14,Girls,Alaska,Soccer,35.0,930
2013-14,Girls,Alaska,Softball Slow Pitch,,29
2013-14,Girls,Alaska,Softball Fast Pitch,29.0,622
2013-14,Girls,Alaska,Swimming and Diving,33.0,506
2013-14,Girls,Arizona,Soccer,175.0,6353
2013-14,Girls,Arizona,Softball Slow Pitch,,236
2013-14,Girls,Arizona,Softball Fast Pitch,236.0,6978
2013-14,Girls,Arizona,Swimming and Diving,186.0,3332
2013-14,Girls,Arkansas,Soccer,85.0,1959
2013-14,Girls,Arkansas,Softball Slow Pitch,5.0,106
2013-14,Girls,Arkansas,Softball Fast Pitch,233.0,4300
2013-14,Girls,Arkansas,Swimming and Diving,41.0,405
2013-14,Girls,California,Soccer,1239.0,43819
2013-14,Girls,California,Softball Slow Pitch,,59
2013-14,Girls,California,Softball Fast Pitch,1198.0,32239
2013-14,Girls,California,Swimming and Diving,872.0,28496
2013-14,Girls,Colorado,Soccer,207.0,7589
2013-14,Girls,Colorado,Softball Slow Pitch,,164
2013-14,Girls,Colorado,Softball Fast Pitch,164.0,3884
2013-14,Girls,Colorado,Swimming and Diving,129.0,4098
2013-14,Girls,Connecticut,Soccer,163.0,5785
2013-14,Girls,Connecticut,Softball Slow Pitch,,176
2013-14,Girls,Connecticut,Softball Fast Pitch,176.0,4314
2013-14,Girls,Connecticut,Swimming and Diving,101.0,2800
2013-14,Girls,Delaware,Soccer,49.0,1549
2013-14,Girls,Delaware,Softball Slow Pitch,,45
2013-14,Girls,Delaware,Softball Fast Pitch,45.0,1042
2013-14,Girls,Delaware,Swimming and Diving,38.0,785
2013-14,Girls,Florida,Soccer,550.0,15400
2013-14,Girls,Florida,Softball Slow Pitch,,588
2013-14,Girls,Florida,Softball Fast Pitch,588.0,11685
2013-14,Girls,Florida,Swimming and Diving,449.0,8200
2013-14,Girls,Georgia,Soccer,370.0,9725
2013-14,Girls,Georgia,Softball Slow Pitch,13.0,245
2013-14,Girls,Georgia,Softball Fast Pitch,394.0,7935
2013-14,Girls,Georgia,Swimming and Diving,235.0,4195
2013-14,Girls,Hawaii,Soccer,54.0,1674
2013-14,Girls,Hawaii,Softball Slow Pitch,,55
2013-14,Girls,Hawaii,Softball Fast Pitch,55.0,1347
2013-14,Girls,Hawaii,Swimming and Diving,60.0,652
2013-14,Girls,Idaho,Soccer,71.0,1964
2013-14,Girls,Idaho,Softball Slow Pitch,,95
2013-14,Girls,Idaho,Softball Fast Pitch,95.0,2164
2013-14,Girls,Illinois,Soccer,404.0,16011
2013-14,Girls,Illinois,Softball Slow Pitch,,622
2013-14,Girls,Illinois,Softball Fast Pitch,622.0,15729
2013-14,Girls,Illinois,Swimming and Diving,251.0,6628
2013-14,Girls,Indiana,Soccer,258.0,6484
2013-14,Girls,Indiana,Softball Slow Pitch,,374
2013-14,Girls,Indiana,Softball Fast Pitch,374.0,8494
2013-14,Girls,Indiana,Swimming and Diving,236.0,4249
2013-14,Girls,Iowa,Soccer,139.0,5249
2013-14,Girls,Iowa,Softball Slow Pitch,,347
2013-14,Girls,Iowa,Softball Fast Pitch,347.0,8201
2013-14,Girls,Iowa,Swimming and Diving,90.0,1710
2013-14,Girls,Kansas,Soccer,91.0,3511
2013-14,Girls,Kansas,Softball Slow Pitch,,225
2013-14,Girls,Kansas,Softball Fast Pitch,225.0,4992
2013-14,Girls,Kansas,Swimming and Diving,75.0,1883
2013-14,Girls,Kentucky,Soccer,188.0,5566
2013-14,Girls,Kentucky,Softball Slow Pitch,,262
2013-14,Girls,Kentucky,Softball Fast Pitch,262.0,5886
2013-14,Girls,Kentucky,Swimming and Diving,132.0,2327
2013-14,Girls,Louisiana,Soccer,153.0,3824
2013-14,Girls,Louisiana,Softball Slow Pitch,,336
2013-14,Girls,Louisiana,Softball Fast Pitch,336.0,6344
2013-14,Girls,Louisiana,Swimming and Diving,145.0,1483
2013-14,Girls,Maine,Soccer,135.0,3769
2013-14,Girls,Maine,Softball Slow Pitch,,128
2013-14,Girls,Maine,Softball Fast Pitch,128.0,2791
2013-14,Girls,Maine,Swimming and Diving,61.0,971
2013-14,Girls,Maryland,Soccer,176.0,5840
2013-14,Girls,Maryland,Softball Slow Pitch,,185
2013-14,Girls,Maryland,Softball Fast Pitch,185.0,4905
2013-14,Girls,Maryland,Swimming and Diving,106.0,2116
2013-14,Girls,Massachusetts,Soccer,348.0,12889
2013-14,Girls,Massachusetts,Softball Slow Pitch,,351
2013-14,Girls,Massachusetts,Softball Fast Pitch,351.0,9778
2013-14,Girls,Massachusetts,Swimming and Diving,219.0,4205
2013-14,Girls,Michigan,Soccer,466.0,13667
2013-14,Girls,Michigan,Softball Slow Pitch,,569
2013-14,Girls,Michigan,Softball Fast Pitch,569.0,13443
2013-14,Girls,Michigan,Swimming and Diving,260.0,6072
2013-14,Girls,Minnesota,Soccer,230.0,7835
2013-14,Girls,Minnesota,Softball Slow Pitch,,418
2013-14,Girls,Minnesota,Softball Fast Pitch,418.0,12737
2013-14,Girls,Minnesota,Swimming and Diving,199.0,5749
2013-14,Girls,Mississippi,Soccer,135.0,2640
2013-14,Girls,Mississippi,Softball Slow Pitch,155.0,2300
2013-14,Girls,Mississippi,Softball Fast Pitch,205.0,4798
2013-14,Girls,Mississippi,Swimming and Diving,68.0,1675
2013-14,Girls,Missouri,Soccer,233.0,8173
2013-14,Girls,Missouri,Softball Slow Pitch,,524
2013-14,Girls,Missouri,Softball Fast Pitch,524.0,9956
2013-14,Girls,Missouri,Swimming and Diving,129.0,2990
2013-14,Girls,Montana,Soccer,29.0,828
2013-14,Girls,Montana,Softball Slow Pitch,,62
2013-14,Girls,Montana,Softball Fast Pitch,62.0,1107
2013-14,Girls,Montana,Swimming and Diving,19.0,328
2013-14,Girls,Nebraska,Soccer,69.0,2473
2013-14,Girls,Nebraska,Softball Slow Pitch,,139
2013-14,Girls,Nebraska,Softball Fast Pitch,139.0,2504
2013-14,Girls,Nebraska,Swimming and Diving,59.0,1041
2013-14,Girls,Nevada,Soccer,69.0,2293
2013-14,Girls,Nevada,Softball Slow Pitch,,85
2013-14,Girls,Nevada,Softball Fast Pitch,85.0,2133
2013-14,Girls,Nevada,Swimming and Diving,58.0,1336
2013-14,Girls,New Hampshire,Soccer,79.0,2685
2013-14,Girls,New Hampshire,Softball Slow Pitch,,84
2013-14,Girls,New Hampshire,Softball Fast Pitch,84.0,1983
2013-14,Girls,New Hampshire,Swimming and Diving,49.0,706
2013-14,Girls,New Jersey,Soccer,371.0,14968
2013-14,Girls,New Jersey,Softball Slow Pitch,,406
2013-14,Girls,New Jersey,Softball Fast Pitch,406.0,12749
2013-14,Girls,New Jersey,Swimming and Diving,256.0,6441
2013-14,Girls,New Mexico,Soccer,70.0,2228
2013-14,Girls,New Mexico,Softball Slow Pitch,,91
2013-14,Girls,New Mexico,Softball Fast Pitch,91.0,2557
2013-14,Girls,New Mexico,Swimming and Diving,44.0,640
2013-14,Girls,New York,Soccer,700.0,22727
2013-14,Girls,New York,Softball Slow Pitch,,716
2013-14,Girls,New York,Softball Fast Pitch,716.0,18211
2013-14,Girls,New York,Swimming and Diving,327.0,7854
2013-14,Girls,North Carolina,Soccer,359.0,12031
2013-14,Girls,North Carolina,Softball Slow Pitch,,387
2013-14,Girls,North Carolina,Softball Fast Pitch,387.0,8901
2013-14,Girls,North Carolina,Swimming and Diving,305.0,4782
2013-14,Girls,North Dakota,Soccer,19.0,535
2013-14,Girls,North Dakota,Softball Slow Pitch,,62
2013-14,Girls,North Dakota,Softball Fast Pitch,62.0,771
2013-14,Girls,North Dakota,Swimming and Diving,20.0,334
2013-14,Girls,Ohio,Soccer,530.0,14200
2013-14,Girls,Ohio,Softball Slow Pitch,5.0,340
2013-14,Girls,Ohio,Softball Fast Pitch,761.0,16421
2013-14,Girls,Ohio,Swimming and Diving,380.0,6253
2013-14,Girls,Oklahoma,Soccer,130.0,3428
2013-14,Girls,Oklahoma,Softball Slow Pitch,301.0,4502
2013-14,Girls,Oklahoma,Softball Fast Pitch,418.0,7201
2013-14,Girls,Oklahoma,Swimming and Diving,65.0,714
2013-14,Girls,Oregon,Soccer,168.0,5137
2013-14,Girls,Oregon,Softball Slow Pitch,,219
2013-14,Girls,Oregon,Softball Fast Pitch,219.0,4604
2013-14,Girls,Oregon,Swimming and Diving,127.0,2374
2013-14,Girls,Pennsylvania,Soccer,536.0,18760
2013-14,Girls,Pennsylvania,Softball Slow Pitch,,639
2013-14,Girls,Pennsylvania,Softball Fast Pitch,639.0,19170
2013-14,Girls,Pennsylvania,Swimming and Diving,325.0,9750
2013-14,Girls,Rhode Island,Soccer,47.0,1471
2013-14,Girls,Rhode Island,Softball Slow Pitch,,48
2013-14,Girls,Rhode Island,Softball Fast Pitch,48.0,1044
2013-14,Girls,Rhode Island,Swimming and Diving,27.0,567
2013-14,Girls,South Carolina,Soccer,147.0,4583
2013-14,Girls,South Carolina,Softball Slow Pitch,,199
2013-14,Girls,South Carolina,Softball Fast Pitch,199.0,4943
2013-14,Girls,South Carolina,Swimming and Diving,82.0,1406
2013-14,Girls,South Dakota,Soccer,9.0,222
2013-14,Girls,Tennessee,Soccer,284.0,6584
2013-14,Girls,Tennessee,Softball Slow Pitch,,361
2013-14,Girls,Tennessee,Softball Fast Pitch,361.0,6363
2013-14,Girls,Texas,Soccer,582.0,28909
2013-14,Girls,Texas,Softball Slow Pitch,,1091
2013-14,Girls,Texas,Softball Fast Pitch,1091.0,32439
2013-14,Girls,Texas,Swimming and Diving,479.0,9693
2013-14,Girls,Utah,Soccer,96.0,3047
2013-14,Girls,Utah,Softball Slow Pitch,,100
2013-14,Girls,Utah,Softball Fast Pitch,100.0,2278
2013-14,Girls,Utah,Swimming and Diving,85.0,1718
2013-14,Girls,Vermont,Soccer,47.0,1547
2013-14,Girls,Vermont,Softball Slow Pitch,3.0,42
2013-14,Girls,Vermont,Softball Fast Pitch,40.0,870
2013-14,Girls,Vermont,Swimming and Diving,2.0,30
2013-14,Girls,Virginia,Soccer,284.0,9130
2013-14,Girls,Virginia,Softball Slow Pitch,,299
2013-14,Girls,Virginia,Softball Fast Pitch,299.0,7478
2013-14,Girls,Virginia,Swimming and Diving,191.0,4238
2013-14,Girls,Washington,Soccer,272.0,9161
2013-14,Girls,Washington,Softball Slow Pitch,,295
2013-14,Girls,Washington,Softball Fast Pitch,295.0,6850
2013-14,Girls,Washington,Swimming and Diving,166.0,4497
2013-14,Girls,West Virginia,Soccer,77.0,1704
2013-14,Girls,West Virginia,Softball Slow Pitch,,122
2013-14,Girls,West Virginia,Softball Fast Pitch,122.0,2339
2013-14,Girls,West Virginia,Swimming and Diving,47.0,614
2013-14,Girls,Wisconsin,Soccer,253.0,9137
2013-14,Girls,Wisconsin,Softball Slow Pitch,,429
2013-14,Girls,Wisconsin,Softball Fast Pitch,429.0,10272
2013-14,Girls,Wisconsin,Swimming and Diving,138.0,3942
2013-14,Girls,Wyoming,Soccer,24.0,850
2013-14,Girls,Wyoming,Softball Fast Pitch,,24
2013-14,Girls,Wyoming,Swimming and Diving,24.0,596
2013-14,Girls,Wyoming,Softball Slow Pitch,,67
2013-14,Girls,Alabama,Tennis,173.0,1781
2013-14,Girls,Alabama,Track and Field Indoor,126.0,1238
2013-14,Girls,Alabama,Track and Field Outdoor,337.0,5122
2013-14,Girls,Alabama,Volleyball,371.0,5572
2013-14,Girls,Alaska,Tennis,15.0,211
2013-14,Girls,Alaska,Track and Field Indoor,,57
2013-14,Girls,Alaska,Track and Field Outdoor,57.0,938
2013-14,Girls,Alaska,Volleyball,148.0,1994
2013-14,Girls,Arizona,Tennis,168.0,2731
2013-14,Girls,Arizona,Track and Field Indoor,,236
2013-14,Girls,Arizona,Track and Field Outdoor,236.0,6601
2013-14,Girls,Arizona,Volleyball,250.0,8056
2013-14,Girls,Arkansas,Tennis,106.0,1027
2013-14,Girls,Arkansas,Track and Field Indoor,45.0,795
2013-14,Girls,Arkansas,Track and Field Outdoor,222.0,3411
2013-14,Girls,Arkansas,Volleyball,117.0,2437
2013-14,Girls,California,Tennis,994.0,22270
2013-14,Girls,California,Track and Field Indoor,,1137
2013-14,Girls,California,Track and Field Outdoor,1137.0,44566
2013-14,Girls,California,Volleyball,1328.0,40753
2013-14,Girls,Colorado,Tennis,143.0,4437
2013-14,Girls,Colorado,Track and Field Indoor,,296
2013-14,Girls,Colorado,Track and Field Outdoor,296.0,7375
2013-14,Girls,Colorado,Volleyball,329.0,9234
2013-14,Girls,Connecticut,Tennis,139.0,3209
2013-14,Girls,Connecticut,Track and Field Indoor,151.0,4901
2013-14,Girls,Connecticut,Track and Field Outdoor,172.0,6981
2013-14,Girls,Connecticut,Volleyball,157.0,4544
2013-14,Girls,Delaware,Tennis,36.0,569
2013-14,Girls,Delaware,Track and Field Indoor,34.0,791
2013-14,Girls,Delaware,Track and Field Outdoor,42.0,1203
2013-14,Girls,Delaware,Volleyball,49.0,1459
2013-14,Girls,Florida,Tennis,505.0,5001
2013-14,Girls,Florida,Track and Field Indoor,,573
2013-14,Girls,Florida,Track and Field Outdoor,573.0,13972
2013-14,Girls,Florida,Volleyball,646.0,14839
2013-14,Girls,Georgia,Track and Field Indoor,,417
2013-14,Girls,Georgia,Track and Field Outdoor,417.0,10559
2013-14,Girls,Georgia,Volleyball,318.0,7555
2013-14,Girls,Hawaii,Tennis,63.0,795
2013-14,Girls,Hawaii,Track and Field Indoor,,62
2013-14,Girls,Hawaii,Track and Field Outdoor,62.0,1402
2013-14,Girls,Hawaii,Volleyball,68.0,1818
2013-14,Girls,Idaho,Tennis,56.0,1077
2013-14,Girls,Idaho,Track and Field Indoor,,144
2013-14,Girls,Idaho,Track and Field Outdoor,144.0,3262
2013-14,Girls,Idaho,Volleyball,145.0,3550
2013-14,Girls,Illinois,Tennis,311.0,8152
2013-14,Girls,Illinois,Track and Field Indoor,,599
2013-14,Girls,Illinois,Track and Field Outdoor,599.0,20278
2013-14,Girls,Illinois,Volleyball,700.0,21723
2013-14,Girls,Indiana,Tennis,309.0,6102
2013-14,Girls,Indiana,Track and Field Indoor,,392
2013-14,Girls,Indiana,Track and Field Outdoor,392.0,10144
2013-14,Girls,Indiana,Volleyball,402.0,9672
2013-14,Girls,Iowa,Tennis,113.0,3325
2013-14,Girls,Iowa,Track and Field Indoor,,360
2013-14,Girls,Iowa,Track and Field Outdoor,360.0,9367
2013-14,Girls,Iowa,Volleyball,366.0,11600
2013-14,Girls,Kansas,Tennis,134.0,2661
2013-14,Girls,Kansas,Track and Field Indoor,,328
2013-14,Girls,Kansas,Track and Field Outdoor,328.0,6908
2013-14,Girls,Kansas,Volleyball,347.0,8773
2013-14,Girls,Kentucky,Tennis,213.0,2798
2013-14,Girls,Kentucky,Track and Field Indoor,,246
2013-14,Girls,Kentucky,Track and Field Outdoor,246.0,5337
2013-14,Girls,Kentucky,Volleyball,259.0,6125
2013-14,Girls,Louisiana,Tennis,177.0,1600
2013-14,Girls,Louisiana,Track and Field Indoor,244.0,1180
2013-14,Girls,Louisiana,Track and Field Outdoor,362.0,6816
2013-14,Girls,Louisiana,Volleyball,206.0,4277
2013-14,Girls,Maine,Tennis,,70
2013-14,Girls,Maine,Track and Field Indoor,70.0,1332
2013-14,Girls,Maine,Track and Field Outdoor,107.0,2382
2013-14,Girls,Maine,Volleyball,33.0,743
2013-14,Girls,Maryland,Tennis,175.0,2314
2013-14,Girls,Maryland,Track and Field Indoor,172.0,4684
2013-14,Girls,Maryland,Track and Field Outdoor,188.0,5501
2013-14,Girls,Maryland,Volleyball,186.0,4933
2013-14,Girls,Massachusetts,Tennis,274.0,4563
2013-14,Girls,Massachusetts,Track and Field Indoor,233.0,9430
2013-14,Girls,Massachusetts,Track and Field Outdoor,305.0,12913
2013-14,Girls,Massachusetts,Volleyball,287.0,8529
2013-14,Girls,Michigan,Tennis,338.0,8862
2013-14,Girls,Michigan,Track and Field Indoor,,634
2013-14,Girls,Michigan,Track and Field Outdoor,634.0,17259
2013-14,Girls,Michigan,Volleyball,662.0,18607
2013-14,Girls,Minnesota,Tennis,225.0,6558
2013-14,Girls,Minnesota,Track and Field Indoor,,435
2013-14,Girls,Minnesota,Track and Field Outdoor,435.0,15613
2013-14,Girls,Minnesota,Volleyball,458.0,16102
2013-14,Girls,Mississippi,Tennis,178.0,1891
2013-14,Girls,Mississippi,Track and Field Indoor,16.0,300
2013-14,Girls,Mississippi,Track and Field Outdoor,253.0,5400
2013-14,Girls,Mississippi,Volleyball,90.0,2248
2013-14,Girls,Missouri,Tennis,186.0,3995
2013-14,Girls,Missouri,Track and Field Indoor,,493
2013-14,Girls,Missouri,Track and Field Outdoor,493.0,10979
2013-14,Girls,Missouri,Volleyball,430.0,10404
2013-14,Girls,Montana,Tennis,60.0,1034
2013-14,Girls,Montana,Track and Field Indoor,,166
2013-14,Girls,Montana,Track and Field Outdoor,166.0,2424
2013-14,Girls,Montana,Volleyball,170.0,3570
2013-14,Girls,Nebraska,Tennis,66.0,1395
2013-14,Girls,Nebraska,Track and Field Indoor,,305
2013-14,Girls,Nebraska,Track and Field Outdoor,305.0,6958
2013-14,Girls,Nebraska,Volleyball,306.0,7111
2013-14,Girls,Nevada,Tennis,55.0,786
2013-14,Girls,Nevada,Track and Field Indoor,,92
2013-14,Girls,Nevada,Track and Field Outdoor,92.0,2779
2013-14,Girls,Nevada,Volleyball,101.0,2886
2013-14,Girls,New Hampshire,Tennis,54.0,879
2013-14,Girls,New Hampshire,Track and Field Indoor,59.0,1186
2013-14,Girls,New Hampshire,Track and Field Outdoor,78.0,2134
2013-14,Girls,New Hampshire,Volleyball,60.0,1629
2013-14,Girls,New Jersey,Tennis,349.0,6875
2013-14,Girls,New Jersey,Track and Field Indoor,309.0,10546
2013-14,Girls,New Jersey,Track and Field Outdoor,381.0,17721
2013-14,Girls,New Jersey,Volleyball,277.0,8962
2013-14,Girls,New Mexico,Tennis,60.0,842
2013-14,Girls,New Mexico,Track and Field Indoor,,156
2013-14,Girls,New Mexico,Track and Field Outdoor,156.0,3627
2013-14,Girls,New Mexico,Volleyball,154.0,4190
2013-14,Girls,New York,Tennis,442.0,9502
2013-14,Girls,New York,Track and Field Indoor,409.0,12379
2013-14,Girls,New York,Track and Field Outdoor,647.0,21834
2013-14,Girls,New York,Volleyball,631.0,15788
2013-14,Girls,North Carolina,Tennis,348.0,4793
2013-14,Girls,North Carolina,Track and Field Indoor,270.0,3740
2013-14,Girls,North Carolina,Track and Field Outdoor,372.0,9908
2013-14,Girls,North Carolina,Volleyball,399.0,9156
2013-14,Girls,North Dakota,Tennis,18.0,448
2013-14,Girls,North Dakota,Track and Field Indoor,,144
2013-14,Girls,North Dakota,Track and Field Outdoor,144.0,1749
2013-14,Girls,North Dakota,Volleyball,155.0,3215
2013-14,Girls,Ohio,Tennis,426.0,6365
2013-14,Girls,Ohio,Track and Field Indoor,162.0,2450
2013-14,Girls,Ohio,Track and Field Outdoor,785.0,20899
2013-14,Girls,Ohio,Volleyball,794.0,18889
2013-14,Girls,Oklahoma,Tennis,130.0,1287
2013-14,Girls,Oklahoma,Track and Field Indoor,,372
2013-14,Girls,Oklahoma,Track and Field Outdoor,372.0,5386
2013-14,Girls,Oklahoma,Volleyball,95.0,6485
2013-14,Girls,Oregon,Tennis,130.0,2906
2013-14,Girls,Oregon,Track and Field Indoor,,271
2013-14,Girls,Oregon,Track and Field Outdoor,271.0,7334
2013-14,Girls,Oregon,Volleyball,284.0,7100
2013-14,Girls,Pennsylvania,Tennis,400.0,4800
2013-14,Girls,Pennsylvania,Track and Field Indoor,186.0,2790
2013-14,Girls,Pennsylvania,Track and Field Outdoor,607.0,24280
2013-14,Girls,Pennsylvania,Volleyball,579.0,10422
2013-14,Girls,Rhode Island,Tennis,42.0,788
2013-14,Girls,Rhode Island,Track and Field Indoor,40.0,1338
2013-14,Girls,Rhode Island,Track and Field Outdoor,43.0,1556
2013-14,Girls,Rhode Island,Volleyball,43.0,1080
2013-14,Girls,South Carolina,Tennis,138.0,2090
2013-14,Girls,South Carolina,Track and Field Indoor,,198
2013-14,Girls,South Carolina,Track and Field Outdoor,198.0,5990
2013-14,Girls,South Carolina,Volleyball,198.0,4953
2013-14,Girls,South Dakota,Tennis,20.0,270
2013-14,Girls,South Dakota,Track and Field Indoor,,169
2013-14,Girls,South Dakota,Track and Field Outdoor,169.0,2906
2013-14,Girls,South Dakota,Volleyball,163.0,3631
2013-14,Girls,Tennessee,Tennis,279.0,2962
2013-14,Girls,Tennessee,Track and Field Indoor,,286
2013-14,Girls,Tennessee,Track and Field Outdoor,286.0,5884
2013-14,Girls,Tennessee,Volleyball,319.0,6361
2013-14,Girls,Texas,Tennis,1145.0,20550
2013-14,Girls,Texas,Track and Field Indoor,,1314
2013-14,Girls,Texas,Track and Field Outdoor,1314.0,60210
2013-14,Girls,Texas,Volleyball,1097.0,46954
2013-14,Girls,Utah,Tennis,89.0,1852
2013-14,Girls,Utah,Track and Field Indoor,,126
2013-14,Girls,Utah,Track and Field Outdoor,126.0,4520
2013-14,Girls,Utah,Volleyball,126.0,3091
2013-14,Girls,Vermont,Tennis,18.0,281
2013-14,Girls,Vermont,Track and Field Indoor,23.0,290
2013-14,Girls,Vermont,Track and Field Outdoor,42.0,862
2013-14,Girls,Vermont,Volleyball,7.0,107
2013-14,Girls,Virginia,Tennis,265.0,3448
2013-14,Girls,Virginia,Track and Field Indoor,209.0,6001
2013-14,Girls,Virginia,Track and Field Outdoor,299.0,8860
2013-14,Girls,Virginia,Volleyball,304.0,7885
2013-14,Girls,Washington,Tennis,243.0,7029
2013-14,Girls,Washington,Track and Field Indoor,,344
2013-14,Girls,Washington,Track and Field Outdoor,344.0,9988
2013-14,Girls,Washington,Volleyball,376.0,10924
2013-14,Girls,West Virginia,Tennis,79.0,849
2013-14,Girls,West Virginia,Track and Field Indoor,,118
2013-14,Girls,West Virginia,Track and Field Outdoor,118.0,2586
2013-14,Girls,West Virginia,Volleyball,130.0,2343
2013-14,Girls,Wisconsin,Tennis,207.0,5682
2013-14,Girls,Wisconsin,Track and Field Indoor,,425
2013-14,Girls,Wisconsin,Track and Field Outdoor,425.0,12426
2013-14,Girls,Wisconsin,Volleyball,473.0,15191
2013-14,Girls,Wyoming,Tennis,16.0,311
2013-14,Girls,Wyoming,Track and Field Indoor,21.0,468
2013-14,Girls,Wyoming,Track and Field Outdoor,70.0,1374
2013-14,Girls,Wyoming,Volleyball,67.0,1776
2013-14,Girls,District of Columbia,Field Hockey,,134
2013-14,Girls,District of Columbia,Football 11-player,,4
2013-14,Girls,District of Columbia,Golf,4.0,20
2013-14,Girls,District of Columbia,Lacrosse,,291
2013-14,Girls,District of Columbia,Skiing Cross Country,7.0,14
2013-14,Girls,District of Columbia,Basketball,15.0,415
2013-14,Girls,District of Columbia,Bowling,,70
2013-14,Girls,District of Columbia,Competitive Spirit Squads,14.0,120
2013-14,Girls,District of Columbia,Cross Country,11.0,255
2013-14,Girls,District of Columbia,Soccer,5.0,430
2013-14,Girls,District of Columbia,Softball Slow Pitch,,13
2013-14,Girls,District of Columbia,Softball Fast Pitch,13.0,339
2013-14,Girls,District of Columbia,Swimming and Diving,3.0,130
2013-14,Girls,District of Columbia,Tennis,7.0,127
2013-14,Girls,District of Columbia,Track and Field Indoor,11.0,287
2013-14,Girls,District of Columbia,Track and Field Outdoor,10.0,401
2013-14,Girls,District of Columbia,Volleyball,12.0,388
