year,state,basketball,cross_country,soccer,track_field
1993-94,Alabama,4620.0,395.0,277.0,3037.0
1993-94,Alaska,1786.0,700.0,406.0,731.0
1993-94,Arizona,5294.0,1326.0,1185.0,4062.0
1993-94,Arkansas,6690.0,421.0,,4661.0
1993-94,California,26002.0,11334.0,20349.0,25536.0
1993-94,Colorado,6867.0,1639.0,3980.0,5449.0
1993-94,Connecticut,3722.0,1721.0,3813.0,6504.0
1993-94,Delaware,1048.0,409.0,247.0,1174.0
1993-94,District of Columbia,215.0,88.0,27.0,289.0
1993-94,Florida,8319.0,3596.0,6337.0,8164.0
1993-94,Georgia,8552.0,2340.0,3217.0,7435.0
1993-94,Hawaii,1297.0,368.0,1269.0,667.0
1993-94,Idaho,3733.0,668.0,284.0,2579.0
1993-94,Illinois,14939,4514.0,3798.0,14840.0
1993-94,Indiana,11109.0,3693.0,,9530.0
1993-94,Iowa,10648.0,2174.0,1016.0,9506.0
1993-94,Kansas,8223.0,1699.0,1315.0,6346.0
1993-94,Kentucky,5426.0,1812.0,1981.0,3769.0
1993-94,Louisiana,9400.0,1224.0,570.0,4857.0
1993-94,Maine,3662.0,932.0,3288.0,3166.0
1993-94,Maryland,4089.0,1503.0,3470.0,5521.0
1993-94,Massachusetts,9719.0,3016.0,8159.0,13302.0
1993-94,Michigan,19143.0,5182.0,6711.0,16950.0
1993-94,Minnesota,7222.0,1728.0,2358.0,5621.0
1993-94,Mississippi,4600.0,820.0,620.0,3601.0
1993-94,Missouri,11832.0,2830.0,3268.0,10188.0
1993-94,Montana,3944.0,553.0,259.0,2858.0
1993-94,Nebraska,7397.0,1048.0,1198.0,6257.0
1993-94,Nevada,1930.0,557.0,540.0,1895.0
1993-94,New Hampshire,2390.0,713.0,1834.0,2441.0
1993-94,New Jersey,8646.0,3626.0,8312.0,45410.0
1993-94,New Mexico,3020.0,658.0,826.0,1937.0
1993-94,New York,15605.0,4210.0,18676.0,19335.0
1993-94,North Carolina,7107.0,2121.0,3269.0,8559.0
1993-94,North Dakota,3450.0,273.0,460.0,2085.0
1993-94,Ohio,18182.0,5546.0,7203.0,20301.0
1993-94,Oklahoma,9560.0,910.0,1100.0,3190.0
1993-94,Oregon,6400.0,2640.0,2475.0,7290.0
1993-94,Pennsylvania,18540.0,4220.0,8820.0,17936.0
1993-94,Rhode Island,893.0,616.0,4171.0, 1798.0
1993-94,South Carolina,4998.0,962.0,1092.0,4976.0
1993-94,South Dakota,3924.0,600.0,,2880.0
1993-94,Tennessee,9216.0,2060.0,2442.0,5018.0
1993-94,Texas,51307.0,26053.0,10480.0,43327.0
1993-94,Utah,2603.0,1000.0,1758.0,3077.0
1993-94,Vermont,1610.0,295.0,1925.0,840.0
1993-94,Virginia,6648.0,2190.0,3205.0,9951.0
1993-94,Washington,10586.0,3720.0,5966.0,8363.0
1993-94,West Virginia,2771.0,455.0,69.0,2306.0
1993-94,Wisconsin,12071.0,3300.0,4071.0,9224.0
1993-94,Wyoming,1681.0,242.0,537.0,1494.0
1994-95,Alabama,4644.0,460.0,1226.0,3038.0
1994-95,Alaska,1223.0,437.0,308.0,599.0
1994-95,Arizona,5301.0,1332.0,1477.0,4374.0
1994-95,Arkansas,7401.0,513.0,,4852.0
1994-95,California,26002.0,11334.0,20349.0,25536.0
1994-95,Colorado,7021.0,1741.0,3756.0,5590.0
1994-95,Connecticut,3821.0,1716.0,4147.0,4965.0
1994-95,Delaware,1017.0,426.0,673.0,1353.0
1994-95,District of Columbia,187.0,74.0,20.0,247.0
1994-95,Florida,8728.0,3660.0,7960.0,8118.0
1994-95,Georgia,8951.0,2694.0,4375.0,7221.0
1994-95,Hawaii,1382.0,346.0,1106.0,716.0
1994-95,Idaho,3967.0,800.0,326.0,2668.0
1994-95,Illinois,17474.0,6363.0,8490.0, 17105.0
1994-95,Indiana,11881.0,3732.0,3037.0,9556.0
1994-95,Iowa,10755.0,2217.0,1168.0,9402.0
1994-95,Kansas,8468.0,1773.0,1606.0,6491.0
1994-95,Kentucky,5426.0,1812.0,1981.0,3769.0
1994-95,Louisiana,9400.0,1224.0,570.0,4857.0
1994-95,Maine,3347.0,839.0,3485.0,2794.0
1994-95,Maryland,3963.0,1455.0,3690.0,5399.0
1994-95,Massachusetts,9719.0,3216.0,8192.0,13200.0
1994-95,Michigan,19463.0,5446.0,7684.0,16917.0
1994-95,Minnesota,6968.0,1809.0,2561.0,5787.0
1994-95,Mississippi,4650.0,840.0,660.0,3698.0
1994-95,Missouri,12222.0,3109.0,3466.0,10521.0
1994-95,Montana,4056.0,685.0,183.0,3028.0
1994-95,Nebraska,7771.0,1210.0,1451.0,6388.0
1994-95,Nevada,1978.0,453.0,303.0,1637.0
1994-95,New Hampshire,2365.0,633.0,1996.0,2422.0
1994-95,New Jersey,8177.0,3399.0,8871.0,15430.0
1994-95,New Mexico,3199.0,756.0,1107.0,2604.0
1994-95,New York,16154.0,4689.0,19664.0,21153.0
1994-95,North Carolina,7193.0,2403.0,3756.0,8412.0
1994-95,North Dakota,3616.0,316.0,323.0,2061.0
1994-95,Ohio,18588.0,5806.0,8208.0,20640.0
1994-95,Oklahoma,9702.0,947.0,1204.0,3217.0
1994-95,Oregon,6760.0,2700.0,3210.0,7320.0
1994-95,Pennsylvania,18600.0,4340.0,9800.0,18228.0
1994-95,Rhode Island,921.0,578.0,1115.0, 1670.0
1994-95,South Carolina,5112.0,1030.0,1325.0,4683.0
1994-95,South Dakota,3858.0,579.0,,2907.0
1994-95,Tennessee,5970.0,1858.0,2686.0,4284.0
1994-95,Texas,62273.0,30156.0,14495.0,53884.0
1994-95,Utah,2767.0,1111.0,2083.0,3296.0
1994-95,Vermont,1254.0,245.0,1750.0,822.0
1994-95,Virginia,6079.0,2319.0,3368.0,9395.0
1994-95,Washington,10476.0,3676.0,6130.0,8073.0
1994-95,West Virginia,2660.0,454.0,311.0,2302.0
1994-95,Wisconsin,12308.0,3561.0,4455.0,9206.0
1994-95,Wyoming,1729.0,279.0,583.0,1526.0
1995-96,Alabama,5573.0,473.0,1426.0,4411.0
1995-96,Alaska,2083.0,685.0,466.0,770.0
1995-96,Arizona,5330.0,1386.0,72.0,4410.0
1995-96,Arkansas,7782.0,537.0,,4591.0
1995-96,California,27856.0,12193.0,24353.0,27325.0
1995-96,Colorado,7073.0,1837.0,3888.0,5514.0
1995-96,Connecticut,3994.0,1759.0,4279.0,7549.0
1995-96,Delaware,1019.0,398.0,33.0,1339.0
1995-96,District of Columbia,162.0,80.0,19.0,256.0
1995-96,Florida,9076.0,4020.0,8128.0,378.0
1995-96,Georgia,8951.0,2694.0,4375.0,867221.0
1995-96,Hawaii,1382.0,346.0,1106.0,716.0
1995-96,Idaho,4001.0,803.0,360.0,2726.0
1995-96,Illinois,18786.0,6000.0,9964.0,17741.0
1995-96,Indiana,11812.0,3927.0,3413.0,367.0
1995-96,Iowa,12221.0,3129.0,2123.0,8824.0
1995-96,Kansas,8574.0,1930.0,38.0,6539.0
1995-96,Kentucky,5405.0,1848.0,2593.0,3819.0
1995-96,Louisiana,9400.0,1224.0,570.0,4857.0
1995-96,Maine,4715.0,865.0,93735.0,2588.0
1995-96,Maryland,4275.0,1589.0,3970.0,6433.0
1995-96,Massachusetts,9676.0,3440.0,9666.0,9580.0
1995-96,Michigan,20239.0,5926.0,8347.0,17307.0
1995-96,Minnesota,8238.0,3018.0,3203.0,6956.0
1995-96,Mississippi,4860.0,910.0,1200.0,3889.0
1995-96,Missouri,12677.0,3336.0,4266.0,11032.0
1995-96,Montana,4168.0,829.0,357.0,3013.0
1995-96,Nebraska,7784.0,1317.0,1549.0,6591.0
1995-96,Nevada,1879.0,460.0,934.0,1656.0
1995-96,New Hampshire,2316.0,654.0,2051.0,2300.0
1995-96,New Jersey,9657.0,3972.0,287.0,17443.0
1995-96,New Mexico,3073.0,978.0,1190.0,2596.0
1995-96,New York,16154.0,4689.0,19664.0,21153.0
1995-96,North Carolina,7184.0,2718.0,4723.0,9395.0
1995-96,North Dakota,3572.0,316.0,579.0,2016.0
1995-96,Ohio,18212.0,6153.0,274.0,21142.0
1995-96,Oklahoma,9805.0,4242.0,1340.0,3677.0
1995-96,Oregon,7728.0,2940.0,3450.0,8280.0
1995-96,Pennsylvania,18750.0,4460.0,10710.0,18320.0
1995-96,Rhode Island,922.0,583.0,38.0,461911.0
1995-96,South Carolina,6129.0,1187.0,1564.0,185.0
1995-96,South Dakota,3599.0,559.0,,2826.0
1995-96,Tennessee,6179.0,2089.0,92958.0,4454.0
1995-96,Texas,67030.0,29354.0,14544.0,58307.0
1995-96,Utah,2770.0,1072.0,2124.0,3071.0
1995-96,Vermont,1254.0,245.0,1750.0,822.0
1995-96,Virginia,6308.0,2429.0,3894.0,9815.0
1995-96,Washington,10032.0,3065.0,6678.0,339.0
1995-96,West Virginia,2836.0,550.0,587.0,2374.0
1995-96,Wisconsin,12630.0,3693.0,4107.0,9305.0
1995-96,Wyoming,1738.0,320.0,593.0,1630.0
1996-97,Alabama,5543.0,435.0,1501.0,4437.0
1996-97,Alaska,1509.0,743.0,498.0,900.0
1996-97,Arizona,2236.0,1136.0,1969.0,3885.0
1996-97,Arkansas,6635.0,582.0,,4494.0
1996-97,California,27856.0,12193.0,24353.0,27325.0
1996-97,Colorado,7276.0,1985.0,4397.0,5955.0
1996-97,Connecticut,4000.0,1934.0,4505.0,7893.0
1996-97,Delaware,1000.0,473.0,916.0,1448.0
1996-97,District of Columbia,169.0,134.0,28.0,332.0
1996-97,Florida,8141.0,4295.0,8383.0,9808.0
1996-97,Georgia,8916.0,2983.0,5472.0,7572.0
1996-97,Hawaii,1400.0,805.0,1313.0,1286.0
1996-97,Idaho,4124.0,954.0,181.0,2727.0
1996-97,Illinois,19508.0,6399.0,10544.0,16834.0
1996-97,Indiana,11873.0,3079.0,3928.0,9875.0
1996-97,Iowa,12342.0,3184.0,2144.0,10637.0
1996-97,Kansas,7216.0,2107.0,1530.0,6577.0
1996-97,Kentucky,5525.0,2075.0,3191.0,4197.0
1996-97,Louisiana,9400.0,1224.0,570.0,4857.0
1996-97,Maine,3468.0,926.0,3573.0,3251.0
1996-97,Maryland,4480.0,1941.0,4229.0,7011.0
1996-97,Massachusetts,9783.0,3547.0,10515.0,15089.0
1996-97,Michigan,20284.0,6344.0,9299.0,18163.0
1996-97,Minnesota,11979.0,3481.0,4276.0,11576.0
1996-97,Mississippi,5500.0,950.0,1225.0,4079.0
1996-97,Missouri,13103.0,3466.0,4565.0,10952.0
1996-97,Montana,4565.0,815.0,423.0,3072.0
1996-97,Nebraska,7571.0,1392.0,1644.0,6774.0
1996-97,Nevada,1922.0,481.0,1013.0,2013.0
1996-97,New Hampshire,2338.0,731.0,2220.0,1683.0
1996-97,New Jersey,9705.0,4300.0,10892.0,17860.0
1996-97,New Mexico,2497.0,802.0,1092.0,1939.0
1996-97,New York,17039.0,5401.0,21483.0,16419.0
1996-97,North Carolina,7476.0,2710.0,4619.0,8380.0
1996-97,North Dakota,3546.0,325.0,517.0,1966.0
1996-97,Ohio,19162.0,6705.0,9144.0,22740.0
1996-97,Oklahoma,9805.0,1260.0,1356.0,3756.0
1996-97,Oregon,6463.0,1900.0,3917.0,5606.0
1996-97,Pennsylvania,18780.0,4470.0,,18348.0
1996-97,Rhode Island,947.0,615.0,1207.0,2708.0
1996-97,South Carolina,5239.0,1349.0,1997.0,5138.0
1996-97,South Dakota,3862.0,675.0,,3077.0
1996-97,Tennessee,6319.0,2200.0,3404.0,4578.0
1996-97,Texas,68444.0,29620.0,15002.0,62988.0
1996-97,Utah,2900.0,1180.0,2210.0,3268.0
1996-97,Vermont,1443.0,359.0,1836.0,952.0
1996-97,Virginia,6861.0,2868.0,4888.0,10229.0
1996-97,Washington,10202.0,3270.0,6947.0,8341.0
1996-97,West Virginia,2776.0,515.0,938.0,2692.0
1996-97,Wisconsin,12345.0,3979.0,4933.0,9396.0
1996-97,Wyoming,1764.0,333.0,582.0,1594.0
1997-98,Alabama,5891.0,501.0,1951.0,3713.0
1997-98,Alaska,1827.0,820.0,804.0,898.0
1997-98,Arizona,5560.0,1560.0,2698.0,4594.0
1997-98,Arkansas,5330.0,493.0,,3858.0
1997-98,California,30979.0,14245.0,30222.0,29682.0
1997-98,Colorado,7401.0,2143.0,4463.0,29862.0
1997-98,Connecticut,4016.0,2013.0,4542.0,8259.0
1997-98,Delaware,1074.0,495.0,1073.0,1371.0
1997-98,District of Columbia,154.0,72.0,45.0,297.0
1997-98,Florida,10552.0,4880.0,10543.0,10600.0
1997-98,Georgia,8916.0,2983.0,5472.0,7572.0
1997-98,Hawaii,1645.0,750.0,2614.0,1250.0
1997-98,Idaho,4056.0,1026.0,517.0,2810.0
1997-98,Illinois,17148.0,5985.0,10583.0,14417.0
1997-98,Indiana,12466.0,3232.0,4517.0,9684.0
1997-98,Iowa,12588.0,3244.0,2186.0,10850.0
1997-98,Kansas,7004.0,2302.0,1690.0,6405.0
1997-98,Kentucky,6055.0,2360.0,2760.0,4539.0
1997-98,Louisiana,9400.0,1224.0,570.0,4857.0
1997-98,Maine,3696.0,4017.0,3919.0,2630.0
1997-98,Maryland,4479.0,1956.0,4463.0,7227.0
1997-98,Massachusetts,9732.0,8599.0,10675.0,15431.0
1997-98,Michigan,9948.0,6618.0,10190.0,18303.0
1997-98,Minnesota,12200.0,3750.0,5191.0,12068.0
1997-98,Mississippi,5572.0,996.0,1270.0,4122.0
1997-98,Missouri,2631.0,3604.0,5023.0,10932.0
1997-98,Montana,4197.0,793.0,448.0,3063.0
1997-98,Nebraska,7219.0,1359.0,1848.0,6747.0
1997-98,Nevada,1970.0,480.0,975.0,1700.0
1997-98,New Hampshire,2315.0,137.0,2218.0,2494.0
1997-98,New Jersey,10027.0,4426.0,11203.0,18587.0
1997-98,New Mexico,2533.0,868.0,1281.0,1970.0
1997-98,New York,17039.0,5401.0,21483.0,6834.0
1997-98,North Carolina,7423.0,3053.0,804.0,1486.0
1997-98,North Dakota,3530.0,325.0,619.0,2001.0
1997-98,Ohio,8448.0,6734.0,9608.0,22296.0
1997-98,Oklahoma,9805.0,1072.0,5853.0,3810.0
1997-98,Oregon,6789.0,2071.0,4188.0,6107.0
1997-98,Pennsylvania,9020.0,4570.0,12600.0,18558.0
1997-98,Rhode Island,90.0,628.0,1337.0,2177.0
1997-98,South Carolina,5318.0,1480.0,2335.0,5123.0
1997-98,South Dakota,380.0,680.0,,3069.0
1997-98,Tennessee,6262.0,2442.0,3648.0,4809.0
1997-98,Texas,70365.0,29792.0,15124.0,63429.0
1997-98,Utah,3001.0,1274.0,2332.0,3218.0
1997-98,Vermont,1216.0,252.0,4501.0,899.0
1997-98,Virginia,529.0,2128.0,4274.0,3325.0
1997-98,Washington,10314.0,3452.0,7392.0,8398.0
1997-98,West Virginia,2824.0,556.0,1149.0,2414.0
1997-98,Wisconsin,12338.0,4075.0,6243.0,10617.0
1997-98,Wyoming,1734.0,330.0,543.0,1593.0
1998-99,Alabama,5891.0,407.0,2076.0,4639.0
1998-99,Alaska,1471.0,577.0,588.0,694.0
1998-99,Arizona,5684.0,1577.0,2828.0,5147.0
1998-99,Arkansas,5408.0,556.0,665.0,3894.0
1998-99,California,30979.0,44245.0,30222.0,29682.0
1998-99,Colorado,7233.0,2397.0,4625.0,6040.0
1998-99,Connecticut,4037.0,2031.0,4552.0,6834.0
1998-99,Delaware,966.0,536.0,1126.0,1411.0
1998-99,District of Columbia,200.0,107.0,32.0,300.0
1998-99,Florida,9708.0,4824.0,10130.0,9752.0
1998-99,Georgia,8855.0,3383.0,6124.0,7799.0
1998-99,Hawaii,4607.0,848.0,1467.0,1307.0
1998-99,Idaho,4094.0,972.0,891.0,2958.0
1998-99,Illinois,17116.0,6450.0,10911.0,15106.0
1998-99,Indiana,42510.0,3261.0,5194.0,9967.0
1998-99,Iowa,12651.0,3260.0,2197.0,10904.0
1998-99,Kansas,7484.0,2382.0,2106.0,6940.0
1998-99,Kentucky,6077.0,2536.0,3115.0,4615.0
1998-99,Louisiana,9400.0,224.0,570.0,4857.0
1998-99,Maine,3586.0,1144.0,3888.0,3483.0
1998-99,Maryland,4518.0,1824.0,4669.0,7248.0
1998-99,Massachusetts,9830.0,3841.0,10810.0,15880.0
1998-99,Michigan,20421.0,6670.0,10756.0,18183.0
1998-99,Minnesota,12673.0,3810.0,5617.0,12436.0
1998-99,Mississippi,5612.0,1026.0,1425.0,4241.0
1998-99,Missouri,12860.0,3630.0,5308.0,10961.0
1998-99,Montana,4196.0,722.0,510.0,3190.0
1998-99,Nebraska,7462.0,1450.0,1732.0,6461.0
1998-99,Nevada,2225.0,504.0,1180.0,1802.0
1998-99,New Hampshire,86.0,731.0,2385.0,2358.0
1998-99,New Jersey,9926.0,4414.0,11351.0,18177.0
1998-99,New Mexico,2923.0,952.0,1501.0,2105.0
1998-99,New York,17334.0,5841.0,22391.0,24642.0
1998-99,North Carolina,7612.0,3121.0,5992.0,9677.0
1998-99,North Dakota,3466.0,354.0,595.0,2066.0
1998-99,Ohio,18424.0,6770.0,10142.0,22218.0
1998-99,Oklahoma,9790.0,1072.0,1565.0,3822.0
1998-99,Oregon,6516.0,16.0,4128.0,6269.0
1998-99,Pennsylvania,18990.0,4690.0,13230.0,18618.0
1998-99,Rhode Island,956.0,618.0,1230.0,2397.0
1998-99,South Carolina,5289.0,1503.0,2492.0,5103.0
1998-99,South Dakota,3478.0,719.0,,2823.0
1998-99,Tennessee,6441.0,2519.0,4032.0,4935.0
1998-99,Texas,70407.0,29979.0,16260.0,68330.0
1998-99,Utah,3086.0,4251.0,2353.0,3342.0
1998-99,Vermont,1656.0,378.0,2035.0,1189.0
1998-99,Virginia,6385.0,2914.0,4884.0,10704.0
1998-99,Washington,10671.0,3911.0,7874.0,9364.0
1998-99,West Virginia,2335.0,608.0,1216.0,2281.0
1998-99,Wisconsin,12462.0,4127.0,6030.0,9630.0
1998-99,Wyoming,69.0,351.0,586.0,1619.0
1999-00,Alabama,5891.0,335.0,2307.0,4704.0
1999-00,Alaska,1857.0,948.0,786.0,861.0
1999-00,Arizona,5846.0,1779.0,3352.0,4735.0
1999-00,Arkansas,5245.0,543.0,718.0,2651.0
1999-00,California,32218.0,14815.0,31431.0,30870.0
1999-00,Colorado,7211.0,2361.0,4783.0,6018.0
1999-00,Connecticut,4047.0,2041.0,4562.0,6840.0
1999-00,Delaware,1018.0,525.0,1171.0,1340.0
1999-00,District of Columbia,210.0,80.0,43.0,318.0
1999-00,Florida,10987.0,2066.0,11343.0,10835.0
1999-00,Georgia,8855.0,3383.0,6124.0,7799.0
1999-00,Hawaii,1531.0,691.0,1390.0,1152.0
1999-00,Idaho,3642.0,941.0,762.0,2976.0
1999-00,Illinois,16989.0,6185.0,12312.0,14754.0
1999-00,Indiana,11499.0,3683.0,5264.0,8761.0
1999-00,Iowa,9401.0,3498.0,3013.0,10722.0
1999-00,Kansas,10120.0,2324.0,2392.0,6839.0
1999-00,Kentucky,5674.0,2021.0,3853.0,4243.0
1999-00,Louisiana,9400.0,1224.0,570.0,4857.0
1999-00,Maine,3616.0,1064.0,4017.0,3527.0
1999-00,Maryland,4904.0,1821.0,4793.0,7237.0
1999-00,Massachusetts,9269.0,3926.0,10550.0,15863.0
1999-00,Michigan,19760.0,6761.0,11921.0,17971.0
1999-00,Minnesota,12280.0,3952.0,6042.0,42123.0
1999-00,Mississippi,5662.0,1101.0,1625.0,4341.0
1999-00,Missouri,12646.0,3795.0,5717.0,10821.0
1999-00,Montana,3984.0,767.0,636.0,3036.0
1999-00,Nebraska,7223.0,1450.0,1931.0,6866.0
1999-00,Nevada,2253.0,527.0,1551.0,1681.0
1999-00,New Hampshire,2343.0,720.0,2482.0,2653.0
1999-00,New Jersey,10016.0,4463.0,12017.0,18264.0
1999-00,New Mexico,2923.0,962.0,1501.0,2105.0
1999-00,New York,17334.0,5841.0,22391.0,24642.0
1999-00,North Carolina,7791.0,4037.0,6028.0,10378.0
1999-00,North Dakota,3354.0,369.0,682.0,1998.0
1999-00,Ohio,18481.0,6885.0,10630.0,22568.0
1999-00,Oklahoma,6580.0,1161.0,1543.0,4037.0
1999-00,Oregon,6446.0,1987.0,4494.0,6167.0
1999-00,Pennsylvania,19170.0,4600.0,12705.0,18590.0
1999-00,Rhode Island,1093.0,687.0,1324.0,2495.0
1999-00,South Carolina,5148.0,1473.0,2538.0,5032.0
1999-00,South Dakota,3276.0,615.0,,2681.0
1999-00,Tennessee,6612.0,2618.0,4320.0,4935.0
1999-00,Texas,70247.0,29748.0,16103.0,68388.0
1999-00,Utah,2986.0,1315.0,2383.0,3320.0
1999-00,Vermont,1833.0,452.0,2353.0,1289.0
1999-00,Virginia,6178.0,2879.0,5408.0,10227.0
1999-00,Washington,10138.0,3455.0,8092.0,9192.0
1999-00,West Virginia,2467.0,648.0,1358.0,2183.0
1999-00,Wisconsin,12108.0,4160.0,6390.0,11287.0
1999-00,Wyoming,1658.0,360.0,572.0,1568.0
2000-01,Alabama,5921.0,412.0,2461.0,4659.0
2000-01,Alaska,1797.0,720.0,789.0,818.0
2000-01,Arizona,6072.0,638.0,3703.0,5086.0
2000-01,Arkansas,4121.0,436.0,653.0,2317.0
2000-01,California,33831.0,16061.0,34663.0,33153.0
2000-01,Colorado,7597.0,2202.0,5889.0,6474.0
2000-01,Connecticut,3868.0,2011.0,4871.0,8733.0
2000-01,Delaware,1012.0,505.0,1185.0,1218.0
2000-01,District of Columbia,125.0,79.0,18.0,291.0
2000-01,Florida,11159.0,5288.0,11860.0,13096.0
2000-01,Georgia,9295.0,3547.0,7013.0,7928.0
2000-01,Hawaii,1671.0,733.0,1633.0,1214.0
2000-01,Idaho,3669.0,843.0,1132.0,2974.0
2000-01,Illinois,18397.0,7060.0,13601.0,16861.0
2000-01,Indiana,10283.0,4041.0,5412.0,9552.0
2000-01,Iowa,9355.0,3481.0,2998.0,10669.0
2000-01,Kansas,8264.0,2090.0,2301.0,6765.0
2000-01,Kentucky,5929.0,2615.0,3853.0,4505.0
2000-01,Louisiana,9401.0,1225.0,1650.0,4859.0
2000-01,Maine,3518.0,987.0,4039.0,3510.0
2000-01,Maryland,4552.0,1951.0,4834.0,7752.0
2000-01,Massachusetts,10034.0,3847.0,11468.0,16352.0
2000-01,Michigan,20379.0,6287.0,12191.0,17825.0
2000-01,Minnesota,12835.0,4416.0,6949.0,13849.0
2000-01,Mississippi,5720.0,1162.0,1720.0,4450.0
2000-01,Missouri,12805.0,3885.0,6009.0,18858.0
2000-01,Montana,3753.0,712.0,698.0,3029.0
2000-01,Nebraska,7051.0,1336.0,2017.0,6859.0
2000-01,Nevada,2366.0,553.0,1629.0,1765.0
2000-01,New Hampshire,2353.0,708.0,2538.0,2813.0
2000-01,New Jersey,10032.0,4124.0,11637.0,19524.0
2000-01,New Mexico,3398.0,1082.0,1741.0,2565.0
2000-01,New York,18308.0,6020.0,24561.0,25049.0
2000-01,North Carolina,7856.0,4023.0,5837.0,9791.0
2000-01,North Dakota,3209.0,387.0,786.0,1999.0
2000-01,Ohio,18181.0,7004.0,11228.0,21536.0
2000-01,Oklahoma,6782.0,1260.0,1640.0,4166.0
2000-01,Oregon,6411.0,1962.0,4543.0,6232.0
2000-01,Pennsylvania,19170.0,4850.0,17920.0,16964.0
2000-01,Rhode Island,1129.0,629.0,1425.0,2423.0
2000-01,South Carolina,5092.0,1537.0,2832.0,5135.0
2000-01,South Dakota,3403.0,695.0,,2682.0
2000-01,Tennessee,4764.0,2004.0,4028.0,5170.0
2000-01,Texas,69760.0,28460.0,16302.0,67602.0
2000-01,Utah,2959.0,1185.0,2328.0,3178.0
2000-01,Vermont,1777.0,371.0,2091.0,990.0
2000-01,Virginia,5804.0,2691.0,5010.0,9714.0
2000-01,Washington,10026.0,4765.0,8374.0,9180.0
2000-01,West Virginia,2320.0,627.0,1361.0,2176.0
2000-01,Wisconsin,13508.0,4765.0,8058.0,10739.0
2000-01,Wyoming,1706.0,325.0,610.0,1588.0
2001-02,Alabama,5291.0,736.0,2487.0,4709.0
2001-02,Alaska,1832.0,727.0,831.0,825.0
2001-02,Arizona,6091.0,1711.0,3789.0,4840.0
2001-02,Arkansas,4996.0,671.0,997.0,3278.0
2001-02,California,33831.0,16060.0,34663.0,33153.0
2001-02,Colorado,7278.0,2336.0,5723.0,6385.0
2001-02,Connecticut,4225.0,2181.0,4889.0,8893.0
2001-02,Delaware,1095.0,534.0,1228.0,1214.0
2001-02,District of Columbia,203.0,150.0,81.0,348.0
2001-02,Florida,11263.0,5649.0,11415.0,13295.0
2001-02,Georgia,9258.0,3690.0,7329.0,8193.0
2001-02,Hawaii,1628.0,679.0,1568.0,1205.0
2001-02,Idaho,3785.0,734.0,1592.0,3168.0
2001-02,Illinois,18516.0,6605.0,13965.0,16087.0
2001-02,Indiana,9041.0,3723.0,5398.0,8282.0
2001-02,Iowa,9278.0,3450.0,2972.0,10579.0
2001-02,Kansas,8162.0,2394.0,2391.0,6535.0
2001-02,Kentucky,5950.0,2427.0,3930.0,4560.0
2001-02,Louisiana,9401.0,1225.0,1650.0,4877.0
2001-02,Maine,3336.0,952.0,3926.0,3479.0
2001-02,Maryland,4494.0,2035.0,4998.0,7970.0
2001-02,Massachusetts,10632.0,3766.0,11929.0,16835.0
2001-02,Michigan,20827.0,6619.0,12954.0,18909.0
2001-02,Minnesota,12841.0,4450.0,7340.0,13882.0
2001-02,Mississippi,5765.0,1216.0,1776.0,4510.0
2001-02,Missouri,12513.0,4005.0,6262.0,11016.0
2001-02,Montana,3893.0,769.0,620.0,2631.0
2001-02,Nebraska,7288.0,1382.0,2086.0,6587.0
2001-02,Nevada,2425.0,567.0,1670.0,1809.0
2001-02,New Hampshire,2460.0,759.0,2643.0,2065.0
2001-02,New Jersey,9984.0,4092.0,11884.0,6567.0
2001-02,New Mexico,3398.0,1082.0,1741.0,2565.0
2001-02,New York,18568.0,6120.0,22278.0,25884.0
2001-02,North Carolina,7619.0,3510.0,7317.0,9396.0
2001-02,North Dakota,3291.0,360.0,720.0,2064.0
2001-02,Ohio,18352.0,7074.0,11447.0,22214.0
2001-02,Oklahoma,6805.0,1191.0,1702.0,4140.0
2001-02,Oregon,6468.0,1944.0,4557.0,6236.0
2001-02,Pennsylvania,19200.0,4890.0,15575.0,19028.0
2001-02,Rhode Island,1153.0,662.0,1429.0,2289.0
2001-02,South Carolina,5130.0,1565.0,2992.0,5122.0
2001-02,South Dakota,3466.0,622.0,,2856.0
2001-02,Tennessee,4754.0,1980.0,4130.0,5160.0
2001-02,Texas,69975.0,28902.0,16698.0,65574.0
2001-02,Utah,2956.0,1163.0,2435.0,3156.0
2001-02,Vermont,1893.0,489.0,2531.0,1180.0
2001-02,Virginia,7768.0,3243.0,6418.0,11594.0
2001-02,Washington,9986.0,3252.0,8602.0,9191.0
2001-02,West Virginia,2526.0,639.0,1411.0,2271.0
2001-02,Wisconsin,13671.0,4865.0,7690.0,11119.0
2001-02,Wyoming,1608.0,331.0,606.0,1559.0
2002-03,Alabama,399.0,765.0,2769.0,4729.0
2002-03,Alaska,2003.0,810.0,866.0,842.0
2002-03,Arizona,6366.0,1829.0,4180.0,5072.0
2002-03,Arkansas,4381.0,537.0,839.0,2913.0
2002-03,California,33912.0,16618.0,35380.0,34378.0
2002-03,Colorado,7740.0,,5584.0,6703.0
2002-03,Connecticut,4263.0,2277.0,5188.0,9054.0
2002-03,Delaware,973.0,557.0,1228.0,344.0
2002-03,District of Columbia,260.0,140.0,98.0,1364.0
2002-03,Florida,11353.0,5344.0,12234.0,10724.0
2002-03,Georgia,9258.0,3690.0,7329.0,8193.0
2002-03,Hawaii,1594.0,794.0,1653.0,1292.0
2002-03,Idaho,3653.0,786.0,1516.0,2741.0
2002-03,Illinois,18918.0,7819.0,14042.0,16624.0
2002-03,Indiana,9539.0,3981.0,5737.0,9070.0
2002-03,Iowa,8981.0,3651.0,3590.0,9253.0
2002-03,Kansas,8080.0,2386.0,2345.0,6370.0
2002-03,Kentucky,5950.0,2427.0,3930.0,4560.0
2002-03,Louisiana,9401.0,1225.0,1650.0,4877.0
2002-03,Maine,3581.0,951.0,3764.0,3273.0
2002-03,Maryland,4469.0,2100.0,5223.0,8112.0
2002-03,Massachusetts,10577.0,3968.0,12173.0,17528.0
2002-03,Michigan,20837.0,6630.0,13608.0,18883.0
2002-03,Minnesota,12903.0,4486.0,7458.0,13948.0
2002-03,Mississippi,6025.0,1820.0,1885.0,5752.0
2002-03,Missouri,12528.0,4054.0,6484.0,10999.0
2002-03,Montana,3661.0,1067.0,988.0,3027.0
2002-03,Nebraska,7116.0,1398.0,2090.0,6374.0
2002-03,Nevada,2435.0,561.0,1792.0,2080.0
2002-03,New Hampshire,2244.0,736.0,2724.0,3169.0
2002-03,New Jersey,9520.0,3894.0,1336.0,17759.0
2002-03,New Mexico,4560.0,992.0,718.0,3564.0
2002-03,New York,17245.0,6122.0,22213.0,26119.0
2002-03,North Carolina,9451.0,3674.0,7470.0,9407.0
2002-03,North Dakota,2940.0,365.0,719.0,1871.0
2002-03,Ohio,17874.0,6898.0,2301.0,22623.0
2002-03,Oklahoma,7400.0,1238.0,1739.0,4153.0
2002-03,Oregon,6140.0,1928.0,4417.0,5950.0
2002-03,Pennsylvania,19410.0,4940.0,5470.0,18849.0
2002-03,Rhode Island,1174.0,611.0,1362.0,2097.0
2002-03,South Carolina,5110.0,1488.0,3154.0,5078.0
2002-03,South Dakota,3447.0,649.0,,2714.0
2002-03,Tennessee,5005.0,2105.0,4350.0,4980.0
2002-03,Texas,69386.0,28997.0,6700.0,65624.0
2002-03,Utah,2839.0,1146.0,2271.0,3095.0
2002-03,Vermont,1974.0,466.0,2415.0,1215.0
2002-03,Virginia,7842.0,3356.0,6737.0,11933.0
2002-03,Washington,9981.0,3398.0,8724.0,9079.0
2002-03,West Virginia,2437.0,648.0,1443.0,9079.0
2002-03,Wisconsin,13474.0,4874.0,8017.0,10905.0
2002-03,Wyoming,1597.0,273.0,547.0,1567.0
2003-04,Alabama,5358.0,787.0,2897.0,4759.0
2003-04,Alaska,1840.0,778.0,863.0,764.0
2003-04,Arizona,6160.0,1827.0,4368.0,4683.0
2003-04,Arkansas,4043.0,468.0,769.0,2838.0
2003-04,California,33912.0,16618.0,35380.0,34378.0
2003-04,Colorado,7579.0,2941.0,1745721.0,6103.0
2003-04,Connecticut,4263.0,2294.0,5255.0,9212.0
2003-04,Delaware,968.0,542.0,1376.0,1524.0
2003-04,District of Columbia,249.0,130.0,80.0,380.0
2003-04,Florida,10964.0,5576.0,12513.0,10914.0
2003-04,Georgia,9171.0,3869.0,7776.0,8102.0
2003-04,Hawaii,1651.0,1089.0,1727.0,1271.0
2003-04,Idaho,3611.0,822.0,1636.0,2599.0
2003-04,Illinois,18986.0,8125.0,15082.0,16587.0
2003-04,Indiana,10207.0,4295.0,6204.0,9885.0
2003-04,Iowa,8846.0,3596.0,3536.0,9114.0
2003-04,Kansas,8145.0,2419.0,2481.0,6669.0
2003-04,Kentucky,5950.0,2427.0,3930.0,4560.0
2003-04,Louisiana,9401.0,1225.0,1650.0,4877.0
2003-04,Maine,3505.0,968.0,3814.0,3296.0
2003-04,Maryland,4528.0,2020.0,5209.0,7862.0
2003-04,Massachusetts,10418.0,4094.0,42193.0,17149.0
2003-04,Michigan,20661.0,6710.0,13515.0,18663.0
2003-04,Minnesota,13017.0,4501.0,7827.0,14039.0
2003-04,Mississippi,6204.0,1358.0,1939.0,4998.0
2003-04,Missouri,12460.0,4051.0,6486.0,10930.0
2003-04,Montana,3469.0,841.0,945.0,2693.0
2003-04,Nebraska,7045.0,1587.0,2065.0,6902.0
2003-04,Nevada,2475.0,560.0,1800.0,2080.0
2003-04,New Hampshire,2262.0,853.0,2679.0,3069.0
2003-04,New Jersey,10080.0,4225.0,12118.0,12725.0
2003-04,New Mexico,4560.0,992.0,1718.0,3564.0
2003-04,New York,17245.0,6122.0,22213.0,26119.0
2003-04,North Carolina,8493.0,3756.0,7424.0,10012.0
2003-04,North Dakota,2855.0,365.0,687.0,1839.0
2003-04,Ohio,18111.0,7026.0,12622.0,2046.0
2003-04,Oklahoma,7565.0,1250.0,1740.0,325.0
2003-04,Oregon,6768.0,2246.0,4496.0,5628.0
2003-04,Pennsylvania,20550.0,5200.0,16555.0,20153.0
2003-04,Rhode Island,1123.0,663.0,1403.0,2191.0
2003-04,South Carolina,4985.0,1649.0,3221.0,4752.0
2003-04,South Dakota,3011.0,577.0,,2600.0
2003-04,Tennessee,6461.0,2404.0,4807.0,5337.0
2003-04,Texas,69824.0,27777.0,17444.0,65732.0
2003-04,Utah,2955.0,4210.0,2275.0,3202.0
2003-04,Vermont,1774.0,460.0,2130.0,1211.0
2003-04,Virginia,7804.0,3507.0,7109.0,11931.0
2003-04,Washington,9696.0,3380.0,8880.0,9058.0
2003-04,West Virginia,2145.0,581.0,1197.0,1959.0
2003-04,Wisconsin,13013.0,5247.0,8695.0,10906.0
2003-04,Wyoming,1620.0,309.0,585.0,1499.0
2004-05,Alabama,5492.0,838.0,2999.0,4693.0
2004-05,Alaska,1715.0,733.0,888.0,861.0
2004-05,Arizona,6292.0,2119.0,4602.0,5444.0
2004-05,Arkansas,4217.0,671.0,882.0,2936.0
2004-05,California,33596.0,18159.0,37424.0,36113.0
2004-05,Colorado,7923.0,2718.0,6260.0,6516.0
2004-05,Connecticut,4162.0,2295.0,5263.0,9742.0
2004-05,Delaware,615.0,358.0,853.0,1109.0
2004-05,District of Columbia,218.0,115.0,113.0,560.0
2004-05,Florida,10998.0,5574.0,12927.0,11510.0
2004-05,Georgia,9171.0,3869.0,7116.0,8102.0
2004-05,Hawaii,1585.0,889.0,1639.0,641874.0
2004-05,Idaho,3628.0,972.0,1592.0,2859.0
2004-05,Illinois,17871.0,7539.0,13932.0,16197.0
2004-05,Indiana,10316.0,4484.0,6687.0,9839.0
2004-05,Iowa,8934.0,3632.0,3571.0,9205.0
2004-05,Kansas,7975.0,2432.0,2394.0,6934.0
2004-05,Kentucky,6113.0,2123.0,4675.0,4404.0
2004-05,Louisiana,9925.0,1530.0,1935.0,4959.0
2004-05,Maine,3509.0,1004.0,3886.0,3379.0
2004-05,Maryland,4678.0,2142.0,5151.0,8197.0
2004-05,Massachusetts,10396.0,4341.0,12047.0,18331.0
2004-05,Michigan,20541.0,7063.0,13675.0,18719.0
2004-05,Minnesota,13229.0,4573.0,7933.0,14045.0
2004-05,Mississippi,6307.0,1460.0,1986.0,5069.0
2004-05,Missouri,12432.0,4100.0,6486.0,11057.0
2004-05,Montana,3433.0,783.0,791.0,2589.0
2004-05,Nebraska,7172.0,1738.0,2204.0,7307.0
2004-05,Nevada,2439.0,608.0,1940.0,2319.0
2004-05,New Hampshire,2228.0,870.0,2742.0,1124.0
2004-05,New Jersey,10150.0,4416.0,12533.0,19900.0
2004-05,New Mexico,3468.0,1260.0,2222.0,5760.0
2004-05,New York,17850.0,6348.0,22806.0,28184.0
2004-05,North Carolina,8032.0,4066.0,7612.0,10604.0
2004-05,North Dakota,2777.0,373.0,674.0,1927.0
2004-05,Ohio,18338.0,7243.0,13213.0,2916.0
2004-05,Oklahoma,7600.0,1275.0,1700.0,4270.0
2004-05,Oregon,6580.0,2139.0,4738.0,5267.0
2004-05,Pennsylvania,20760.0,5270.0,16765.0,20298.0
2004-05,Rhode Island,1170.0,616.0,1417.0,2541.0
2004-05,South Carolina,5049.0,1540.0,3147.0,5206.0
2004-05,South Dakota,3072.0,669.0,,2632.0
2004-05,Tennessee,6621.0,2616.0,4230.0,5287.0
2004-05,Texas,70232.0,28101.0,18506.0,65856.0
2004-05,Utah,2807.0,1347.0,2438.0,3321.0
2004-05,Vermont,1692.0,482.0,2232.0,1270.0
2004-05,Virginia,7896.0,3731.0,7194.0,13036.0
2004-05,Washington,8663.0,3064.0,7808.0,8259.0
2004-05,West Virginia,2122.0,603.0,1457.0,2248.0
2004-05,Wisconsin,12943.0,5250.0,8524.0,10978.0
2004-05,Wyoming,1611.0,309.0,638.0,1607.0
2005-06,Alabama,5411.0,962.0,2973.0,4875.0
2005-06,Alaska,2101.0,863.0,948.0,989.0
2005-06,Arizona,6366.0,2190.0,4795.0,5685.0
2005-06,Arkansas,4528.0,823.0,1123.0,3688.0
2005-06,California,33596.0,18159.0,37424.0,36113.0
2005-06,Colorado,7675.0,3039.0,6160.0,6536.0
2005-06,Connecticut,4091.0,2468.0,5400.0,10332.0
2005-06,Delaware,966.0,448.0,1341.0,1568.0
2005-06,District of Columbia,225.0,125.0,95.0,489.0
2005-06,Florida,9874.0,5766.0,11894.0,11414.0
2005-06,Georgia,9322.0,4343.0,7927.0,8521.0
2005-06,Hawaii,1432.0,874.0,1673.,1290.0
2005-06,Idaho,3380.0,985.0,1650.0,2995.0
2005-06,Illinois,17718.0,8511.0,14164.0,17686.0
2005-06,Indiana,10089.0,4265.0,6736.0,9903.0
2005-06,Iowa,9216.0,3922.0,4266.0,9376.0
2005-06,Kansas,7883.0,2317.0,2787.0,6995.0
2005-06,Kentucky,6273.0,2275.0,4675.0,4544.0
2005-06,Louisiana,9925.0,1530.0,1935.0,4959.0
2005-06,Maine,3516.0,1030.0,4036.0,3484.0
2005-06,Maryland,4540.0,2236.0,5349.0,7732.0
2005-06,Massachusetts,10562.0,4873.0,12165.0,19314.0
2005-06,Michigan,20604.0,6976.0,13972.0,19230.0
2005-06,Minnesota,11707.0,4444.0,7900.0,13036.0
2005-06,Mississippi,6318.0,1475.0,2016.0,5150.0
2005-06,Missouri,12283.0,4167.0,6808.0,11067.0
2005-06,Montana,3384.0,827.0,701.0,2678.0
2005-06,Nebraska,7004.0,1717.0,2182.0,7574.0
2005-06,Nevada,2590.0,660.0,1945.0,2505.0
2005-06,New Hampshire,2202.0,905.0,2750.0,3354.0
2005-06,New Jersey,9886.0,4507.0,12830.0,28184.0
2005-06,New Mexico,3468.0,1260.0,2222.0,5760.0
2005-06,New York,17850.0,6348.0,22806.0,28184.0
2005-06,North Carolina,7971.0,4083.0,8321.0,11314.0
2005-06,North Dakota,2740.0,345.0,641.0,1815.0
2005-06,Ohio,18273.0,7322.0,13308.0,27870.0
2005-06,Oklahoma,7650.0,1275.0,1700.0,4300.0
2005-06,Oregon,6409.0,2336.0,4772.0,6378.0
2005-06,Pennsylvania,20820.0,5270.0,17325.0,18144.0
2005-06,Rhode Island,1107.0,647.0,1415.0,1475.0
2005-06,South Carolina,4948.0,1783.0,3515.0,5586.0
2005-06,South Dakota,3111.0,649.0,,2601.0
2005-06,Tennessee,6692.0,2718.0,5257.0,5700.0
2005-06,Texas,69122.0,28233.0,18397.0,913.0
2005-06,Utah,2839.0,1447.0,2438.0,3595.0
2005-06,Vermont,1455.0,466.0,2025.0,1170.0
2005-06,Virginia,7888.0,3895.0,7462.0,13471.0
2005-06,Washington,9864.0,3618.0,8880.0,9456.0
2005-06,West Virginia,2193.0,679.0,1523.0,2333.0
2005-06,Wisconsin,12289.0,5520.0,8254.0,10860.0
2005-06,Wyoming,1573.0,378.0,674.0,1498.0
2006-07,Alabama,5411.0,962.0,2973.0,4875.0
2006-07,Alaska,1849.0,807.0,879.0,808.0
2006-07,Arizona,6634.0,2242.0,5228.0,5966.0
2006-07,Arkansas,4320.0,681.0,1203.0,3246.0
2006-07,California,34991.0,20873.0,40895.0,38817.0
2006-07,Colorado,7606.0,3207.0,6659.0,6337.0
2006-07,Connecticut,4157.0,2669.0,5710.0,10353.0
2006-07,Delaware,1041.0,623.0,1405.0,1651.0
2006-07,District of Columbia,205.0,65.0,120.0,176.0
2006-07,Florida,10793.0,6104.0,13562.0,12273.0
2006-07,Georgia,9322.0,4343.0,7927.0,8521.0
2006-07,Hawaii,1390.0,895.0,1662.0,1371.0
2006-07,Idaho,3341.0,1082.0,1767.0,2842.0
2006-07,Illinois,17428.0,8891.0,15588.0,18063.0
2006-07,Indiana,10080.0,4551.0,6905.0,10422.0
2006-07,Iowa,9375.0,3989.0,5031.0,9538.0
2006-07,Kansas,7803.0,2432.0,2884.0,6644.0
2006-07,Kentucky,6205.0,2305.0,4864.0,4514.0
2006-07,Louisiana,9925.0,,1935.0,4959.0
2006-07,Maine,3476.0,1052.0,4229.0,3603.0
2006-07,Maryland,4722.0,2403.0,5665.0,9192.0
2006-07,Massachusetts,10427.0,5038.0,,19591.0
2006-07,Michigan,19140.0,7073.0,14171.0,19053.0
2006-07,Minnesota,11253.0,4451.0,7872.0,13028.0
2006-07,Mississippi,6841.0,1320.0,2276.0,4875.0
2006-07,Missouri,12634.0,4297.0,6898.0,11595.0
2006-07,Montana,3461.0,791.0,790.0,2504.0
2006-07,Nebraska,6986.0,1727.0,2261.0,7561.0
2006-07,Nevada,2479.0,712.0,4975.0,2410.0
2006-07,New Hampshire,2403.0,1037.0,772834.0,3426.0
2006-07,New Jersey,9722.0,4964.0,13188.0,21614.0
2006-07,New Mexico,3528.0,1238.0,917.0,3113.0
2006-07,New York,17850.0,6348.0,22806.0,28184.0
2006-07,North Carolina,8116.0,4316.0,8592.0,11955.0
2006-07,North Dakota,2682.0,402.0,595.0,1933.0
2006-07,Ohio,18653.0,7114.0,13284.0,25195.0
2006-07,Oklahoma,7660.0,1255.0,650.0,4325.0
2006-07,Oregon,6374.0,2424.0,5217.0,6293.0
2006-07,Pennsylvania,21480.0,5470.0,18935.0,21426.0
2006-07,Rhode Island,1135.0,693.0,413.0,2797.0
2006-07,South Carolina,5002.0,1906.0,3672.0,5359.0
2006-07,South Dakota,3032.0,702.0,,2703.0
2006-07,Tennessee,6618.0,2715.0,5389.0,5729.0
2006-07,Texas,70753.0,29091.0,19823.0,67350.0
2006-07,Utah,2766.0,1553.0,2568.0,3788.0
2006-07,Vermont,1496.0,562.0,2091.0,1215.0
2006-07,Virginia,7821.0,4017.0,7597.0,13671.0
2006-07,Washington,9429.0,3717.0,9266.0,9769.0
2006-07,West Virginia,2543.0,642.0,1603.0,2686.0
2006-07,Wisconsin,13068.0,5767.0,8647.0,11470.0
2006-07,Wyoming,1541.0,328.0,720.0,1464.0
2007-08,Alabama,5384.0,1057.0,2973.0,4244.0
2007-08,Alaska,2053.0,896.0,970.0,868.0
2007-08,Arizona,6758.0,2269.0,5298.0,6136.0
2007-08,Arkansas,5221.0,969.0,1618.0,4288.0
2007-08,California,34991.0,20873.0,40895.0,38817.0
2007-08,Colorado,7359.0,3317.0,6923.0,6287.0
2007-08,Connecticut,4059.0,2630.0,5877.0,10768.0
2007-08,Delaware,968.0,630.0,1295.0,1568.0
2007-08,District of Columbia,205.0,65.0,120.0,176.0
2007-08,Florida,10447.0,5960.0,13418.0,12175.0
2007-08,Georgia,9177.0,4615.0,8492.0,8951.0
2007-08,Hawaii,1288.0,1064.0,1666.0,1408.0
2007-08,Idaho,3342.0,1072.0,1756.0,3148.0
2007-08,Illinois,17804.0,8753.0,15919.0,17262.0
2007-08,Indiana,9378.0,4288.0,6538.0,10189.0
2007-08,Iowa,10031.0,4268.0,5383.0,10205.0
2007-08,Kansas,7257.0,2597.0,922975.0,6901.0
2007-08,Kentucky,5852.0,2175.0,4997.0,4571.0
2007-08,Louisiana,3384.0,3120.0,1507.0,5680.0
2007-08,Maine,3402.0,1138.0,4117.0,3840.0
2007-08,Maryland,4758.0,2579.0,5797.0,8942.0
2007-08,Massachusetts,10217.0,5050.0,12530.0,19728.0
2007-08,Michigan,18221.0,7835.0,13879.0,242.0
2007-08,Minnesota,12180.0,5264.0,8878.0,15136.0
2007-08,Mississippi,6941.0,1375.0,2301.0,4974.0
2007-08,Missouri,12530.0,4395.0,7147.0,11873.0
2007-08,Montana,3260.0,842.0,841.0,2579.0
2007-08,Nebraska,6752.0,1866.0,2230.0,7457.0
2007-08,Nevada,2497.0,710.0,2001.0,2419.0
2007-08,New Hampshire,2045.0,930.0,2700.0,3020.0
2007-08,New Jersey,10194.0,4757.0,13504.0,23763.0
2007-08,New Mexico,3510.0,1190.0,977.0,3090.0
2007-08,New York,17750.0,7460.0,23753.0,32820.0
2007-08,North Carolina,8380.0,4505.0,10259.0,11991.0
2007-08,North Dakota,2660.0,470.0,566.0,1841.0
2007-08,Ohio,19539.0,8667.0,13735.0,26042.0
2007-08,Oklahoma,8125.0,1291.0,123.0,4300.0
2007-08,Oregon,6443.0,2494.0,5349.0,6413.0
2007-08,Pennsylvania,21570.0,5570.0,19110.0,22073.0
2007-08,Rhode Island,1110.0,754.0,436.0,2766.0
2007-08,South Carolina,4854.0,1961.0,3856.0,5337.0
2007-08,South Dakota,3073.0,714.0,,2816.0
2007-08,Tennessee,6537.0,2799.0,5542.0,2915.0
2007-08,Texas,71235.0,29102.0,21954.0,66182.0
2007-08,Utah,2768.0,1503.0,2661.0,3824.0
2007-08,Vermont,1187.0,424.0,704.0,1036.0
2007-08,Virginia,7927.0,4112.0,7896.0,13663.0
2007-08,Washington,8366.0,3301.0,8148.0,8698.0
2007-08,West Virginia,2368.0,615.0,676.0,2747.0
2007-08,Wisconsin,12545.0,5768.0,9934.0,11744.0
2007-08,Wyoming,1548.0,290.0,721.0,1595.0
2008-09,Alabama,5411.0,1086.0,3229.0,4546.0
2008-09,Alaska,1858.0,777.0,920.0,969.0
2008-09,Arizona,6758.0,2269.0,5298.0,6136.0
2008-09,Arkansas,4759.0,1162.0,1624.0,3698.0
2008-09,California,32980.0,21901.0,41727.0,41736.0
2008-09,Colorado,7211.0,3535.0,7028.0,6529.0
2008-09,Connecticut,4065.0,2691.0,5847.0,10945.0
2008-09,Delaware,1011.0,613.0,1540.0,1623.0
2008-09,District of Columbia,205.0,65.0,120.0,176.0
2008-09,Florida,10390.0,6158.0,13920.0,12839.0
2008-09,Georgia,9177.0,4615.0,8492.0,8951.0
2008-09,Hawaii,1286.0,981.0,1639.0,1495.0
2008-09,Idaho,3389.0,1190.0,1895.0,3192.0
2008-09,Illinois,18178.0,9121.0,16111.0,17871.0
2008-09,Indiana,8980.0,4277.0,6554.0,10191.0
2008-09,Iowa,8952.0,4194.0,4966.0,9582.0
2008-09,Kansas,7282.0,2721.0,3008.0,6832.0
2008-09,Kentucky,5852.0,2175.0,4997.0,4571.0
2008-09,Louisiana,5536.0,2691.0,3486.0,5507.0
2008-09,Maine,3378.0,1038.0,4096.0,3898.0
2008-09,Maryland,4624.0,2537.0,5638.0,8941.0
2008-09,Massachusetts,10125.0,5118.0,12518.0,19465.0
2008-09,Michigan,18187.0,7633.0,13670.0,17724.0
2008-09,Minnesota,11276.0,4407.0,8273.0,13184.0
2008-09,Mississippi,6941.0,1375.0,2301.0,5133.0
2008-09,Missouri,13250.0,5130.0,8287.0,12494.0
2008-09,Montana,3177.0,849.0,786.0,2556.0
2008-09,Nebraska,6638.0,1869.0,2265.0,7309.0
2008-09,Nevada,2556.0,784.0,2041.0,2816.0
2008-09,New Hampshire,2107.0,1029.0,2797.0,3641.0
2008-09,New Jersey,9618.0,95125.0,13903.0,23828.0
2008-09,New Mexico,3981.0,1483.0,2173.0,3743.0
2008-09,New York,17750.0,7460.0,23753.0,32820.0
2008-09,North Carolina,8119.0,4439.0,3584.0,12773.0
2008-09,North Dakota,2547.0,485.0,605.0,1775.0
2008-09,Ohio,17806.0,8143.0,13609.0,2581.0
2008-09,Oklahoma,8125.0,1291.0,1723.0,4300.0
2008-09,Oregon,6421.0,2509.0,5462.0,6452.0
2008-09,Pennsylvania,21750.0,11320.0,19075.0,26650.0
2008-09,Rhode Island,1082.0,795.0,1488.0,2730.0
2008-09,South Carolina,4962.0,2022.0,4035.0,6071.0
2008-09,South Dakota,2898.0,698.0,,2669.0
2008-09,Tennessee,6537.0,,5542.0,5682.0
2008-09,Texas,71218.0,29096.0,22106.0,65748.0
2008-09,Utah,2776.0,1461.0,2741.0,3926.0
2008-09,Vermont,1165.0,440.0,1596.0,992.0
2008-09,Virginia,7951.0,4436.0,8217.0,14490.0
2008-09,Washington,8001.0,3404.0,7838.0,8438.0
2008-09,West Virginia,2417.0,667.0,1626.0,2785.0
2008-09,Wisconsin,12482.0,5813.0,9613.0,11209.0
2008-09,Wyoming,1664.0,322.0,772.0,1554.0
2009-10,Alabama,5478.0,1166.0,3408.0,4895.0
2009-10,Alaska,1667.0,834.0,947.0,1004.0
2009-10,Arizona,6955.0,2710.0,6061.0,7130.0
2009-10,Arkansas,4633.0,974.0,1535.0,3723.0
2009-10,California,32980.0,21901.0,41727.0,42773.0
2009-10,Colorado,6934.0,3293.0,6889.0,6999.0
2009-10,Connecticut,4044.0,2740.0,5861.0,11526.0
2009-10,Delaware,1061.0,644.0,1769.0,1839.0
2009-10,District of Columbia,205.0,65.0,120.0,176.0
2009-10,Florida,10304.0,6596.0,13991.0,13741.0
2009-10,Georgia,9154.0,5119.0,9122.0,10072.0
2009-10,Hawaii,1237.0,1010.0,1703.0,1676.0
2009-10,Idaho,3378.0,1259.0,1898.0,3389.0
2009-10,Illinois,17584.0,9752.0,16619.0,19157.0
2009-10,Indiana,9017.0,4281.0,6558.0,10622.0
2009-10,Iowa,8566.0,4338.0,5089.0,9800.0
2009-10,Kansas,7130.0,2827.0,3199.0,7159.0
2009-10,Kentucky,5852.0,2175.0,4997.0,4806.0
2009-10,Louisiana,5541.0,2741.0,3490.0,8061.0
2009-10,Maine,3203.0,1040.0,3950.0,3863.0
2009-10,Maryland,4707.0,2585.0,5598.0,9647.0
2009-10,Massachusetts,10047.0,5111.0,12922.0,21319.0
2009-10,Michigan,17580.0,7925.0,13535.0,17828.0
2009-10,Minnesota,11643.0,5052.0,8297.0,15564.0
2009-10,Mississippi,6926.0,1401.0,2403.0,5121.0
2009-10,Missouri,10695.0,3703.0,7955.0,12061.0
2009-10,Montana,3193.0,848.0,825.0,2656.0
2009-10,Nebraska,6535.0,2028.0,2393.0,7566.0
2009-10,Nevada,2556.0,784.0,2041.0,2910.0
2009-10,New Hampshire,3194.0,1056.0,2653.0,3547.0
2009-10,New Jersey,9448.0,5095.0,13483.0,24667.0
2009-10,New Mexico,3773.0,1286.0,2185.0,3673.0
2009-10,New York,17750.0,7460.0,23753.0,32820.0
2009-10,North Carolina,8215.0,4445.0,9858.0,12773.0
2009-10,North Dakota,2433.0,483.0,580.0,1946.0
2009-10,Ohio,17342.0,8570.0,14100.0,24777.0
2009-10,Oklahoma,7200.0,2212.0,2457.0,4364.0
2009-10,Oregon,6238.0,2670.0,5408.0,6991.0
2009-10,Pennsylvania,21720.0,11400.0,19390.0,27040.0
2009-10,Rhode Island,1066.0,757.0,1523.0,2790.0
2009-10,South Carolina,5102.0,2127.0,4220.0,5693.0
2009-10,South Dakota,2936.0,695.0,,2940.0
2009-10,Tennessee,6463.0,2836.0,5854.0,5780.0
2009-10,Texas,70442.0,28102.0,22123.0,66101.0
2009-10,Utah,2937.0,1613.0,2734.0,4168.0
2009-10,Vermont,1091.0,478.0,1502.0,1028.0
2009-10,Virginia,7876.0,4555.0,8177.0,14608.0
2009-10,Washington,9166.0,4347.0,9238.0,10304.0
2009-10,West Virginia,2397.0,727.0,1677.0,2741.0
2009-10,Wisconsin,12479.0,5837.0,9487.0,12207.0
2009-10,Wyoming,1477.0,315.0,812.0,1610.0
2010-11,Alabama,6372.0,1182.0,3408.0,4943.0
2010-11,Alaska,1658.0,879.0,921.0,957.0
2010-11,Arizona,6484.0,2626.0,5803.0,6705.0
2010-11,Arkansas,4633.0,1036.0,1764.0,4168.0
2010-11,California,32839.0,23651.0,42720.0,45713.0
2010-11,Colorado,7306.0,3636.0,7217.0,6971.0
2010-11,Connecticut,4005.0,2775.0,5599.0,11424.0
2010-11,Delaware,1030.0,681.0,1581.0,1932.0
2010-11,District of Columbia,205.0,65.0,120.0,176.0
2010-11,Florida,10288.0,6533.0,14410.0,13770.0
2010-11,Georgia,9154.0,5119.0,9122.0,10072.0
2010-11,Hawaii,1257.0,997.0,1718.0,1706.0
2010-11,Idaho,3423.0,1201.0,1946.0,3290.0
2010-11,Illinois,17933.0,10773.0,16285.0,20854.0
2010-11,Indiana,8878.0,4327.0,6497.0,10468.0
2010-11,Iowa,8407.0,4312.0,5081.0,9802.0
2010-11,Kansas,7168.0,2870.0,3257.0,7316.0
2010-11,Kentucky,5852.0,2175.0,4997.0,4806.0
2010-11,Louisiana,5792.0,2316.0,3641.0,8412.0
2010-11,Maine,3138.0,1127.0,4054.0,3733.0
2010-11,Maryland,4674.0,2667.0,5863.0,10168.0
2010-11,Massachusetts,10202.0,5352.0,12923.0,21201.0
2010-11,Michigan,17368.0,8114.0,13649.0,17545.0
2010-11,Minnesota,11144.0,4952.0,8117.0,15714.0
2010-11,Mississippi,6938.0,1401.0,2403.0,5132.0
2010-11,Missouri,10317.0,3590.0,7711.0,11971.0
2010-11,Montana,3129.0,908.0,840.0,2632.0
2010-11,Nebraska,6456.0,2074.0,2422.0,7476.0
2010-11,Nevada,2508.0,833.0,2331.0,2921.0
2010-11,New Hampshire,2136.0,992.0,2611.0,3676.0
2010-11,New Jersey,9434.0,4630.0,13320.0,24674.0
2010-11,New Mexico,3773.0,1286.0,2185.0,3673.0
2010-11,New York,18104.0,7732.0,23947.0,33368.0
2010-11,North Carolina,8157.0,4627.0,13554.0,13159.0
2010-11,North Dakota,2454.0,504.0,588.0,1848.0
2010-11,Ohio,18247.0,8947.0,14617.0,23431.0
2010-11,Oklahoma,7125.0,2800.0,2500.0,6169.0
2010-11,Oregon,6216.0,2821.0,5121.0,7200.0
2010-11,Pennsylvania,21720.0,11380.0,18795.0,27220.0
2010-11,Rhode Island,1068.0,702.0,1512.0,2557.0
2010-11,South Carolina,4859.0,2018.0,4377.0,6031.0
2010-11,South Dakota,2912.0,714.0,,2872.0
2010-11,Tennessee,6354.0,2828.0,6116.0,5907.0
2010-11,Texas,70442.0,25705.0,22123.0,66101.0
2010-11,Utah,3564.0,1888.0,2902.0,3589.0
2010-11,Vermont,1006.0,503.0,1577.0,1225.0
2010-11,Virginia,7775.0,4693.0,8563.0,14719.0
2010-11,Washington,9009.0,4405.0,9421.0,10353.0
2010-11,West Virginia,2213.0,711.0,1582.0,2599.0
2010-11,Wisconsin,12263.0,6141.0,8938.0,12050.0
2010-11,Wyoming,1544.0,454.0,807.0,1647.0
2011-12,Alabama,6075.0,1155.0,3358.0,5017.0
2011-12,Alaska,1807.0,789.0,983.0,980.0
2011-12,Arizona,6459.0,2731.0,5911.0,6741.0
2011-12,Arkansas,4592.0,956.0,1718.0,4096.0
2011-12,California,35134.0,23769.0,43332.0,46884.0
2011-12,Colorado,7129.0,3763.0,7458.0,7006.0
2011-12,Connecticut,4028.0,2684.0,5808.0,11350.0
2011-12,Delaware,1018.0,719.0,1549.0,1945.0
2011-12,District of Columbia,205.0,65.0,120.0,176.0
2011-12,Florida,11080.0,6584.0,14842.0,11415.0
2011-12,Georgia,9207.0,5711.0,9777.0,10849.0
2011-12,Hawaii,1257.0,997.0,1718.0,1706.0
2011-12,Idaho,3348.0,1285.0,1938.0,3232.0
2011-12,Illinois,17767.0,10762.0,16107.0,19879.0
2011-12,Indiana,8567.0,4328.0,6412.0,10214.0
2011-12,Iowa,8400.0,4476.0,4894.0,9800.0
2011-12,Kansas,7090.0,2898.0,3296.0,7291.0
2011-12,Kentucky,5511.0,2570.0,5640.0,5388.0
2011-12,Louisiana,5648.0,2786.0,3670.0,8063.0
2011-12,Maine,3000.0,1012.0,3780.0,3573.0
2011-12,Maryland,4665.0,2575.0,5699.0,9829.0
2011-12,Massachusetts,10043.0,5210.0,12990.0,20415.0
2011-12,Michigan,17040.0,8135.0,13654.0,17031.0
2011-12,Minnesota,11630.0,8137.0,8090.0,15842.0
2011-12,Mississippi,6938.0,1401.0,2403.0,5132.0
2011-12,Missouri,10499.0,4073.0,8064.0,11640.0
2011-12,Montana,3157.0,827.0,843.0,2567.0
2011-12,Nebraska,6358.0,2037.0,2424.0,7474.0
2011-12,Nevada,2463.0,843.0,2282.0,2878.0
2011-12,New Hampshire,2132.0,999.0,2592.0,3357.0
2011-12,New Jersey,9504.0,5062.0,13431.0,24659.0
2011-12,New Mexico,3325.0,1304.0,2031.0,3248.0
2011-12,New York,16997.0,7966.0,22727.0,34213.0
2011-12,North Carolina,8568.0,4589.0,12132.0,13379.0
2011-12,North Dakota,2394.0,528.0,538.0,1863.0
2011-12,Ohio,17596.0,8979.0,14256.0,23500.0
2011-12,Oklahoma,7215.0,2800.0,2975.0,3645.0
2011-12,Oregon,5965.0,2678.0,5019.0,7057.0
2011-12,Pennsylvania,21630.0,11220.0,18935.0,27630.0
2011-12,Rhode Island,1073.0,686.0,1500.0,2816.0
2011-12,South Carolina,4837.0,2111.0,4409.0,6002.0
2011-12,South Dakota,2805.0,707.0,,2872.0
2011-12,Tennessee,6303.0,2912.0,6172.0,5947.0
2011-12,Texas,69873.0,28096.0,30989.0,63892.0
2011-12,Utah,2993.0,1944.0,3094.0,4291.0
2011-12,Vermont,875.0,412.0,1282.0,929.0
2011-12,Virginia,7580.0,4654.0,8809.0,14178.0
2011-12,Washington,8940.0,4547.0,9514.0,10222.0
2011-12,West Virginia,2013.0,690.0,1589.0,2529.0
2011-12,Wisconsin,11549.0,5715.0,9364.0,12815.0
2011-12,Wyoming,1603.0,385.0,857.0,1768.0
2012-13,Alabama,11720.0,1316.0,3910.0,7625.0
2012-13,Alaska,2140.0,1088.0,998.0,1238.0
2012-13,Arizona,8247.0,3538.0,7127.0,9343.0
2012-13,Arkansas,4157.0,1165.0,1916.0,6545.0
2012-13,California,43766.0,29583.0,47861.0,56354.0
2012-13,Colorado,8920.0,3996.0,7145.0,9898.0
2012-13,Connecticut,5392.0,3941.0,6871.0,12426.0
2012-13,Delaware,1411.0,949.0,1932.0,2270.0
2012-13,District of Columbia,356.0,94.0,143.0,320.0
2012-13,Florida,14869.0,7083.0,14161.0,15562.0
2012-13,Georgia,12167.0,7522.0,10638.0,13380.0
2012-13,Hawaii,1784.0,940.0,1250.0,1971.0
2012-13,Idaho,3672.0,1652.0,1989.0,4341.0
2012-13,Illinois,24351.0,11319.0,19098.0,25421.0
2012-13,Indiana,11183.0,5005.0,8622.0,14148.0
2012-13,Iowa,11269.0,5160.0,5820.0,12439.0
2012-13,Kansas,9059.0,3813.0,4212.0,10281.0
2012-13,Kentucky,6874.0,3011.0,6059.0,6722.0
2012-13,Louisiana,7939.0,2637.0,4424.0,10301.0
2012-13,Maine,3781.0,1324.0,4169.0,4407.0
2012-13,Maryland,5837.0,3950.0,6577.0,12893.0
2012-13,Massachusetts,12590.0,6691.0,13338.0,23180.0
2012-13,Michigan,22186.0,8744.0,14273.0,23850.0
2012-13,Minnesota,13503.0,6680.0,8892.0,16422.0
2012-13,Mississippi,8590.0,2548.0,3889.0,9407.0
2012-13,Missouri,14322.0,5427.0,8169.0,14990.0
2012-13,Montana,3527.0,1014.0,835.0,3640.0
2012-13,Nebraska,7305.0,2722.0,2521.0,9044.0
2012-13,Nevada,3132.0,1078.0,2256.0,3610.0
2012-13,New Hampshire,2580.0,1151.0,3069.0,3879.0
2012-13,New Jersey,14193.0,8241.0,18294.0,30625.0
2012-13,New Mexico,4239.0,1567.0,2349.0,4471.0
2012-13,New York,20514.0,10261.0,23669.0,35553.0
2012-13,North Carolina,10618.0,8753.0,13487.0,19869.0
2012-13,North Dakota,2836.0,584.0,593.0,2239.0
2012-13,Ohio,21989.0,9383.0,14730.0,26915.0
2012-13,Oklahoma,9993.0,2662.0,3785.0,6475.0
2012-13,Oregon,7326.0,3571.0,5758.0,9494.0
2012-13,Pennsylvania,22080.0,11200.0,20265.0,27000.0
2012-13,Rhode Island,1520.0,969.0,1630.0,3025.0
2012-13,South Carolina,6781.0,3262.0,5568.0,8879.0
2012-13,South Dakota,3564.0,912.0,,3749.0
2012-13,Tennessee,8842.0,4082.0,7113.0,6968.0
2012-13,Texas,72200.0,23882.0,34063.0,75634.0
2012-13,Utah,3588.0,2640.0,3342.0,5171.0
2012-13,Vermont,1067.0,458.0,1334.0,878.0
2012-13,Virginia,9553.0,6116.0,9863.0,17847.0
2012-13,Washington,11127.0,6753.0,10451.0,13079.0
2012-13,West Virginia,2982.0,887.0,1827.0,2968.0
2012-13,Wisconsin,15228.0,7338.0,9817.0,14924.0
2012-13,Wyoming,1807.0,538.0,880.0,2256.0
2013-14,Alabama,11731.0,1449.0,3806.0,8374.0
2013-14,Alaska,2147.0,1141.0,1015.0,1362.0
2013-14,Arizona,8159.0,3616.0,7090.0,9177.0
2013-14,Arkansas,5497.0,1526.0,2381.0,5259.0
2013-14,California,44100.0,29990.0,48560.0,55195.0
2013-14,Colorado,8922.0,4131.0,7251.0,9788.0
2013-14,Connecticut,5333.0,3945.0,6935.0,12584.0
2013-14,Delaware,1552.0,1005.0,1887.0,2286.0
2013-14,District of Columbia,728.0,392.0,556.0,998.0
2013-14,Florida,16769.0,7673.0,15769.0,16854.0
2013-14,Georgia,12262.0,7692.0,10729.0,13486.0
2013-14,Hawaii,1759.0,1146.0,1528.0,2167.0
2013-14,Idaho,3821.0,1605.0,1977.0,4294.0
2013-14,Illinois,24500.0,11229.0,18857.0,25871.0
2013-14,Indiana,11124.0,5068.0,8765.0,13773.0
2013-14,Iowa,11250.0,5158.0,6027.0,11960.0
2013-14,Kansas,8898.0,3847.0,4111.0,10225.0
2013-14,Kentucky,6716.0,3090.0,5894.0,6614.0
2013-14,Louisiana,7936.0,2682.0,4434.0,10623.0
2013-14,Maine,3627.0,1285.0,4061.0,4419.0
2013-14,Maryland,5641.0,3827.0,6486.0,11600.0
2013-14,Massachusetts,12748.0,6722.0,13414.0,23850.0
2013-14,Michigan,21504.0,8882.0,14242.0,23364.0
2013-14,Minnesota,13282.0,7079.0,8958.0,16924.0
2013-14,Mississippi,8450.0,1600.0,3920.0,8650.0
2013-14,Missouri,14145.0,5687.0,8341.0,14622.0
2013-14,Montana,3554.0,1047.0,821.0,3631.0
2013-14,Nebraska,7409.0,2839.0,2647.0,8739.0
2013-14,Nevada,3056.0,1070.0,2195.0,3636.0
2013-14,New Hampshire,2493.0,1207.0,3008.0,3963.0
2013-14,New Jersey,14816.0,8395.0,18710.0,31377.0
2013-14,New Mexico,4234.0,1598.0,2451.0,4560.0
2013-14,New York,20514.0,10261.0,23669.0,35553.0
2013-14,North Carolina,10694.0,8969.0,13711.0,20750.0
2013-14,North Dakota,2915.0,554.0,583.0,2298.0
2013-14,Ohio,21898.0,9289.0,14700.0,26925.0
2013-14,Oklahoma,10391.0,3044.0,3897.0,6658.0
2013-14,Oregon,7493.0,3618.0,6019.0,9372.0
2013-14,Pennsylvania,21930.0,11180.0,20020.0,27040.0
2013-14,Rhode Island,1446.0,997.0,1634.0,3038.0
2013-14,South Carolina,6802.0,3146.0,5595.0,8275.0
2013-14,South Dakota,3557.0,960.0,287.0,3636.0
2013-14,Tennessee,8956.0,4096.0,7393.0,7806.0
2013-14,Texas,71477.0,24143.0,35506.0,74514.0
2013-14,Utah,3595.0,2667.0,3455.0,5231.0
2013-14,Vermont,1377.0,603.0,1622.0,1246.0
2013-14,Virginia,9325.0,6180.0,10009.0,18180.0
2013-14,Washington,11062.0,6687.0,10169.0,13347.0
2013-14,West Virginia,3067.0,936.0,1756.0,2912.0
2013-14,Wisconsin,14606.0,7061.0,9680.0,15669.0
2013-14,Wyoming,1786.0,533.0,888.0,2227.0
2014-15,Alabama,12860.0,3155.0,5357.0,9297.0
2014-15,Alaska,2342.0,1193.0,1009.0,1314.0
2014-15,Arizona,7969.0,3389.0,7406.0,9653.0
2014-15,Arkansas,5133.0,1497.0,2625.0,5479.0
2014-15,California,44829.0,29491.0,49264.0,55952.0
2014-15,Colorado,8764.0,4068.0,7770.0,9896.0
2014-15,Connecticut,5454.0,3973.0,7245.0,12688.0
2014-15,Delaware,1585.0,1017.0,2171.0,2350.0
2014-15,District of Columbia,986.0,460.0,755.0,936.0
2014-15,Florida,16656.0,7279.0,15987.0,16658.0
2014-15,Georgia,12262.0,7692.0,11461.0,13524.0
2014-15,Hawaii,1723.0,1121.0,1626.0,2107.0
2014-15,Idaho,3561.0,1682.0,1960.0,4343.0
2014-15,Illinois,24240.0,11513.0,20221.0,25411.0
2014-15,Indiana,11004.0,5104.0,8949.0,13731.0
2014-15,Iowa,10921.0,5223.0,6265.0,11659.0
2014-15,Kansas,8803.0,3802.0,4406.0,10150.0
2014-15,Kentucky,6465.0,2848.0,6034.0,6080.0
2014-15,Louisiana,7938.0,2849.0,4752.0,10365.0
2014-15,Maine,3558.0,1241.0,4279.0,4237.0
2014-15,Maryland,5651.0,3847.0,6738.0,11818.0
2014-15,Massachusetts,12569.0,6795.0,14055.0,23628.0
2014-15,Michigan,21401.0,8786.0,14370.0,23100.0
2014-15,Minnesota,13342.0,7206.0,9146.0,17098.0
2014-15,Mississippi,8575.0,1760.0,3975.0,8465.0
2014-15,Missouri,14115.0,5661.0,8454.0,15274.0
2014-15,Montana,3453.0,1094.0,849.0,3506.0
2014-15,Nebraska,7396.0,2970.0,2757.0,8557.0
2014-15,Nevada,3291.0,1099.0,2452.0,3848.0
2014-15,New Hampshire,2509.0,1220.0,3018.0,3777.0
2014-15,New Jersey,14754.0,7822.0,19156.0,33685.0
2014-15,New Mexico,4250.0,1574.0,2407.0,4534.0
2014-15,New York,20514.0,10261.0,23669.0,35553.0
2014-15,North Carolina,10774.0,6365.0,11781.0,18520.0
2014-15,North Dakota,2790.0,568.0,616.0,2467.0
2014-15,Ohio,23609.0,10783.0,16411.0,27112.0
2014-15,Oklahoma,10981.0,3004.0,4642.0,7203.0
2014-15,Oregon,7447.0,3428.0,6151.0,9681.0
2014-15,Pennsylvania,21660.0,11320.0,20055.0,27220.0
2014-15,Rhode Island,1516.0,955.0,1757.0,3025.0
2014-15,South Carolina,6722.0,3288.0,5838.0,8208.0
2014-15,South Dakota,3487.0,977.0,689.0,3679.0
2014-15,Tennessee,8709.0,3890.0,7995.0,7588.0
2014-15,Texas,70668.0,23258.0,37452.0,73873.0
2014-15,Utah,3661.0,2604.0,3706.0,5209.0
2014-15,Vermont,1042.0,396.0,1269.0,763.0
2014-15,Virginia,9221.0,6373.0,10187.0,17738.0
2014-15,Washington,11145.0,6575.0,10354.0,13881.0
2014-15,West Virginia,3038.0,957.0,1853.0,2905.0
2014-15,Wisconsin,14362.0,6983.0,10297.0,14822.0
2014-15,Wyoming,1774.0,565.0,928.0,2306.0
2015-16,Alabama,13371.0,3487.0,5740.0,10169.0
2015-16,Alaska,2095.0,1246.0,1005.0,1356.0
2015-16,Arizona,8070.0,3546.0,7601.0,9722.0
2015-16,Arkansas,5587.0,1702.0,2633.0,5928.0
2015-16,California,45677.0,29628.0,52279.0,57110.0
2015-16,Colorado,9058.0,4347.0,8297.0,10501.0
2015-16,Connecticut,5491.0,4027.0,7344.0,12971.0
2015-16,Delaware,1528.0,979.0,2048.0,2263.0
2015-16,District of Columbia,994.0,506.0,871.0,1006.0
2015-16,Florida,17499.0,8172.0,16178.0,18267.0
2015-16,Georgia,12872.0,8011.0,11771.0,14052.0
2015-16,Hawaii,1719.0,1208.0,1833.0,2269.0
2015-16,Idaho,3805.0,1841.0,2098.0,4793.0
2015-16,Illinois,24524.0,11516.0,20704.0,26166.0
2015-16,Indiana,10903.0,5148.0,9193.0,13665.0
2015-16,Iowa,11249.0,5499.0,6736.0,12659.0
2015-16,Kansas,8982.0,4123.0,4502.0,10259.0
2015-16,Kentucky,7144.0,3109.0,6485.0,6566.0
2015-16,Louisiana,7987.0,2949.0,4892.0,10491.0
2015-16,Maine,3550.0,1282.0,4175.0,4268.0
2015-16,Maryland,5591.0,3725.0,6788.0,12073.0
2015-16,Massachusetts,12599.0,6939.0,14056.0,24289.0
2015-16,Michigan,21509.0,9252.0,14526.0,23233.0
2015-16,Minnesota,13542.0,7357.0,9254.0,17330.0
2015-16,Mississippi,8625.0,1760.0,4010.0,8585.0
2015-16,Missouri,13997.0,5953.0,8676.0,15726.0
2015-16,Montana,3382.0,1151.0,871.0,3554.0
2015-16,Nebraska,7276.0,3140.0,2854.0,8954.0
2015-16,Nevada,3044.0,1193.0,2325.0,3832.0
2015-16,New Hampshire,2400.0,1175.0,2981.0,3588.0
2015-16,New Jersey,14639.0,8196.0,19256.0,32648.0
2015-16,New Mexico,4309.0,1542.0,2530.0,4520.0
2015-16,New York,20087.0,9863.0,22902.0,36893.0
2015-16,North Carolina,10876.0,6619.0,11950.0,20158.0
2015-16,North Dakota,3061.0,679.0,667.0,2608.0
2015-16,Ohio,23609.0,10783.0,16411.0,27112.0
2015-16,Oklahoma,10478.0,3390.0,4300.0,7613.0
2015-16,Oregon,7558.0,3818.0,6196.0,9715.0
2015-16,Pennsylvania,21570.0,11400.0,20125.0,26965.0
2015-16,Rhode Island,1496.0,963.0,1795.0,2897.0
2015-16,South Carolina,6935.0,3422.0,6014.0,8049.0
2015-16,South Dakota,3559.0,992.0,680.0,3582.0
2015-16,Tennessee,8824.0,4110.0,8135.0,7624.0
2015-16,Texas,70675.0,23561.0,37989.0,73840.0
2015-16,Utah,3775.0,2821.0,3906.0,5410.0
2015-16,Vermont,1042.0,396.0,1269.0,763.0
2015-16,Virginia,9333.0,6344.0,10550.0,18865.0
2015-16,Washington,11155.0,6268.0,9770.0,13233.0
2015-16,West Virginia,3181.0,985.0,1902.0,3227.0
2015-16,Wisconsin,14448.0,6959.0,10322.0,14591.0
2015-16,Wyoming,1748.0,609.0,927.0,2378.0
2016-17,Alabama,13000.0,3603.0,6226.0,10475.0
2016-17,Alaska,2160.0,1222.0,952.0,1361.0
2016-17,Arizona,8129.0,3719.0,7744.0,9614.0
2016-17,Arkansas,5457.0,1648.0,2927.0,5680.0
2016-17,California,46114.0,31830.0,52795.0,57206.0
2016-17,Colorado,9179.0,4434.0,8321.0,10573.0
2016-17,Connecticut,5349.0,4090.0,7382.0,12948.0
2016-17,Delaware,1653.0,1012.0,2104.0,2495.0
2016-17,District of Columbia,1035.0,544.0,924.0,961.0
2016-17,Florida,21858.0,8843.0,19522.0,19819.0
2016-17,Georgia,13012.0,8047.0,11961.0,14499.0
2016-17,Hawaii,1736.0,1191.0,1793.0,2260.0
2016-17,Idaho,3870.0,2014.0,2139.0,4901.0
2016-17,Illinois,24335.0,11744.0,20946.0,25491.0
2016-17,Indiana,11200.0,5559.0,9210.0,13834.0
2016-17,Iowa,11106.0,5505.0,6302.0,12273.0
2016-17,Kansas,8881.0,3995.0,4271.0,10319.0
2016-17,Kentucky,7097.0,3210.0,6415.0,6779.0
2016-17,Louisiana,8047.0,3033.0,4967.0,10836.0
2016-17,Maine,3623.0,1269.0,4212.0,4538.0
2016-17,Maryland,5501.0,3741.0,6769.0,12421.0
2016-17,Massachusetts,12698.0,7051.0,14031.0,24268.0
2016-17,Michigan,21263.0,9415.0,14541.0,23705.0
2016-17,Minnesota,13725.0,7404.0,9419.0,17520.0
2016-17,Mississippi,8520.0,1749.0,3990.0,8585.0
2016-17,Missouri,14259.0,6003.0,8850.0,16067.0
2016-17,Montana,3506.0,1211.0,848.0,3720.0
2016-17,Nebraska,7162.0,3339.0,2980.0,8923.0
2016-17,Nevada,3106.0,1111.0,2320.0,3568.0
2016-17,New Hampshire,2452.0,1195.0,3070.0,3711.0
2016-17,New Jersey,15134.0,8558.0,19683.0,33626.0
2016-17,New Mexico,4143.0,1649.0,2499.0,4587.0
2016-17,New York,20036.0,10338.0,23213.0,38111.0
2016-17,North Carolina,10914.0,6517.0,12401.0,20636.0
2016-17,North Dakota,2891.0,686.0,649.0,2630.0
2016-17,Ohio,22412.0,11420.0,17342.0,30789.0
2016-17,Oklahoma,10382.0,3447.0,4361.0,7498.0
2016-17,Oregon,7749.0,4004.0,6421.0,10389.0
2016-17,Pennsylvania,21660.0,11460.0,20125.0,26900.0
2016-17,Rhode Island,1546.0,915.0,1820.0,3074.0
2016-17,South Carolina,6842.0,3744.0,6306.0,8701.0
2016-17,South Dakota,3492.0,1038.0,713.0,3566.0
2016-17,Tennessee,8693.0,4154.0,8305.0,7650.0
2016-17,Texas,70040.0,23580.0,38491.0,73052.0
2016-17,Utah,3885.0,3122.0,3947.0,6185.0
2016-17,Vermont,966.0,403.0,1101.0,960.0
2016-17,Virginia,9333.0,6618.0,10359.0,19189.0
2016-17,Washington,11575.0,7175.0,11301.0,15784.0
2016-17,West Virginia,3153.0,1117.0,2034.0,3215.0
2016-17,Wisconsin,14646.0,6995.0,10354.0,14592.0
2016-17,Wyoming,1780.0,600.0,878.0,2418.0
2017-18,Alabama,13698.0,3667.0,6588.0,10785.0
2017-18,Alaska,2258.0,1209.0,951.0,1423.0
2017-18,Arizona,8551.0,3556.0,7730.0,8945.0
2017-18,Arkansas,5446.0,2006.0,2987.0,5820.0
2017-18,California,47584.0,32951.0,53262.0,57834.0
2017-18,Colorado,9204.0,4362.0,8368.0,10270.0
2017-18,Connecticut,5374.0,4106.0,7271.0,12978.0
2017-18,Delaware,1775.0,1139.0,2129.0,2511.0
2017-18,District of Columbia,1045.0,478.0,829.0,1043.0
2017-18,Florida,22262.0,8706.0,19596.0,19567.0
2017-18,Georgia,13021.0,8264.0,11910.0,14588.0
2017-18,Hawaii,1727.0,1170.0,1812.0,2189.0
2017-18,Idaho,3824.0,2011.0,2102.0,3536.0
2017-18,Illinois,24244.0,11665.0,20877.0,25590.0
2017-18,Indiana,11111.0,5543.0,9135.0,14127.0
2017-18,Iowa,11441.0,5689.0,6623.0,12581.0
2017-18,Kansas,8829.0,3993.0,4251.0,10317.0
2017-18,Kentucky,7061.0,3195.0,6545.0,6885.0
2017-18,Louisiana,7890.0,2859.0,5045.0,10245.0
2017-18,Maine,3536.0,1396.0,4255.0,4417.0
2017-18,Maryland,5650.0,3824.0,6764.0,12372.0
2017-18,Massachusetts,12763.0,7108.0,14523.0,24172.0
2017-18,Michigan,21367.0,9650.0,14550.0,24229.0
2017-18,Minnesota,13847.0,7545.0,9508.0,17494.0
2017-18,Mississippi,8720.0,1810.0,4012.0,8590.0
2017-18,Missouri,14313.0,6055.0,8950.0,16071.0
2017-18,Montana,3410.0,1198.0,758.0,3549.0
2017-18,Nebraska,7208.0,3375.0,2888.0,9012.0
2017-18,Nevada,3057.0,1210.0,2437.0,3414.0
2017-18,New Hampshire,2542.0,1210.0,3066.0,3713.0
2017-18,New Jersey,15365.0,8733.0,19964.0,33633.0
2017-18,New Mexico,4111.0,1572.0,2468.0,4453.0
2017-18,New York,20078.0,10388.0,23229.0,38292.0
2017-18,North Carolina,11063.0,6632.0,12298.0,21145.0
2017-18,North Dakota,2977.0,695.0,685.0,2722.0
2017-18,Ohio,23111.0,12809.0,18458.0,30486.0
2017-18,Oklahoma,10093.0,3349.0,4070.0,7321.0
2017-18,Oregon,7620.0,3928.0,6397.0,9797.0
2017-18,Pennsylvania,21660.0,11440.0,20265.0,26900.0
2017-18,Rhode Island,1847.0,966.0,1959.0,3097.0
2017-18,South Carolina,6720.0,3478.0,6146.0,8209.0
2017-18,South Dakota,3567.0,1054.0,748.0,3632.0
2017-18,Tennessee,9034.0,4044.0,8389.0,7658.0
2017-18,Texas,65977.0,24301.0,42077.0,74974.0
2017-18,Utah,3883.0,3215.0,3931.0,6069.0
2017-18,Vermont,823.0,292.0,865.0,599.0
2017-18,Virginia,9387.0,6239.0,10400.0,19107.0
2017-18,Washington,12023.0,7159.0,11025.0,14583.0
2017-18,West Virginia,3140.0,1162.0,2044.0,3085.0
2017-18,Wisconsin,14343.0,7124.0,10291.0,15430.0
2017-18,Wyoming,1793.0,565.0,931.0,2287.0
2018-19,Alabama,13648.0,3804.0,6916.0,11045.0
2018-19,Alaska,1920.0,1003.0,929.0,1273.0
2018-19,Arizona,8219.0,3507.0,7848.0,9227.0
2018-19,Arkansas,5144.0,1862.0,3038.0,9514.0
2018-19,California,48111.0,31880.0,54996.0,56596.0
2018-19,Colorado,11723.0,4122.0,8241.0,10541.0
2018-19,Connecticut,5349.0,4038.0,7030.0,12844.0
2018-19,Delaware,1604.0,1060.0,2062.0,2291.0
2018-19,District of Columbia,,,,
2018-19,Florida,21652.0,8709.0,19923.0,19568.0
2018-19,Georgia,12593.0,8213.0,11944.0,14799.0
2018-19,Hawaii,1791.0,1160.0,1706.0,2146.0
2018-19,Idaho,3831.0,1998.0,2191.0,4422.0
2018-19,Illinois,23674.0,11320.0,20669.0,24662.0
2018-19,Indiana,10767.0,5592.0,9216.0,13988.0
2018-19,Iowa,10964.0,5619.0,6699.0,12362.0
2018-19,Kansas,8788.0,3857.0,4313.0,10399.0
2018-19,Kentucky,6938.0,3157.0,6603.0,7125.0
2018-19,Louisiana,7848.0,2928.0,4927.0,10861.0
2018-19,Maine,3423.0,1343.0,3992.0,4394.0
2018-19,Maryland,5341.0,3741.0,6943.0,12238.0
2018-19,Massachusetts,12719.0,7127.0,14551.0,24812.0
2018-19,Michigan,21119.0,9588.0,14425.0,23844.0
2018-19,Minnesota,13840.0,7568.0,9561.0,17427.0
2018-19,Mississippi,8620.0,1810.0,4012.0,8590.0
2018-19,Missouri,13752.0,5863.0,8794.0,15761.0
2018-19,Montana,3282.0,1223.0,841.0,3699.0
2018-19,Nebraska,7091.0,3348.0,2847.0,9065.0
2018-19,Nevada,3469.0,1195.0,2661.0,4445.0
2018-19,New Hampshire,2456.0,1084.0,3006.0,3562.0
2018-19,New Jersey,14939.0,8491.0,19640.0,32733.0
2018-19,New Mexico,3902.0,1552.0,2451.0,4221.0
2018-19,New York,19772.0,9927.0,22891.0,38016.0
2018-19,North Carolina,11152.0,6268.0,12417.0,20560.0
2018-19,North Dakota,2914.0,774.0,662.0,2716.0
2018-19,Ohio,22787.0,12912.0,17255.0,30853.0
2018-19,Oklahoma,9346.0,3406.0,3845.0,7158.0
2018-19,Oregon,7620.0,4076.0,6595.0,9629.0
2018-19,Pennsylvania,21570.0,11440.0,19845.0,26900.0
2018-19,Rhode Island,1855.0,999.0,2151.0,3102.0
2018-19,South Carolina,6740.0,3550.0,6218.0,8129.0
2018-19,South Dakota,3460.0,1037.0,697.0,3657.0
2018-19,Tennessee,8854.0,4066.0,8266.0,7713.0
2018-19,Texas,60384.0,26068.0,44865.0,76050.0
2018-19,Utah,3792.0,3792.0,4013.0,6148.0
2018-19,Vermont,966.0,403.0,1101.0,960.0
2018-19,Virginia,9174.0,6282.0,10400.0,18827.0
2018-19,Washington,11440.0,7332.0,10754.0,15099.0
2018-19,West Virginia,3052.0,1140.0,2041.0,3098.0
2018-19,Wisconsin,14453.0,6949.0,10244.0,15201.0
2018-19,Wyoming,1757.0,607.0,932.0,2381.0
