RANK,TEAM,W,L,WIN%,CONF,DIV,HOME,ROAD,OT,LAST 10,STREAK,YEAR
1,NEW YORK LIBERTY,17,11,.607,5-3,0-0,10-4,7-7,0-0,3-7,W 1,1997
1,HOUSTON COMETS,18,10,.643,12-4,0-0,9-5,9-5,0-0,7-3,L 2,1997
2,CHARLOTTE STING,15,13,.536,4-4,0-0,12-2,3-11,0-0,5-5,W 1,1997
2,PHOENIX MERCURY,16,12,.571,10-6,0-0,11-3,5-9,0-0,7-3,W 3,1997
3,CLEVELAND ROCKERS,15,13,.536,3-5,0-0,8-6,7-7,0-0,5-5,L 1,1997
3,LOS ANGELES SPARKS,14,14,.500,9-7,0-0,8-6,6-8,0-0,6-4,L 1,1997
4,SACRAMENTO MONARCHS,10,18,.357,5-11,0-0,7-7,3-11,0-0,5-5,W 1,1997
5,UTAH STARZZ,7,21,.250,4-12,0-0,5-9,2-12,0-0,2-8,L 2,1997
1,HOUSTON COMETS,27,3,.900,15-1,0-0,14-1,13-2,0-0,8-2,W 2,1998
1,CLEVELAND ROCKERS,20,10,.667,12-4,0-0,11-4,9-6,0-0,8-2,W 4,1998
2,CHARLOTTE STING,18,12,.600,11-5,0-0,9-6,9-6,0-0,4-6,W 1,1998
2,PHOENIX MERCURY,19,11,.633,10-6,0-0,12-3,7-8,0-0,7-3,W 4,1998
3,LOS ANGELES SPARKS,12,18,.400,6-10,0-0,8-7,4-11,0-0,5-5,L 2,1998
3,NEW YORK LIBERTY,18,12,.600,8-8,0-0,12-3,6-9,0-0,7-3,L 2,1998
4,SACRAMENTO MONARCHS,8,22,.267,5-11,0-0,5-10,3-12,0-0,2-8,L 2,1998
4,DETROIT SHOCK,17,13,.567,8-8,0-0,11-4,6-9,0-0,6-4,W 2,1998
5,WASHINGTON MYSTICS,3,27,.100,1-15,0-0,3-12,0-15,0-0,1-9,L 5,1998
5,UTAH STARZZ,8,22,.267,4-12,0-0,5-10,3-12,0-0,1-9,L 3,1998
1,NEW YORK LIBERTY,18,14,.563,12-8,0-0,12-4,6-10,0-0,6-4,L 1,1999
1,HOUSTON COMETS,26,6,.813,16-4,0-0,15-1,11-5,0-0,8-2,W 1,1999
2,LOS ANGELES SPARKS,20,12,.625,12-8,0-0,13-3,7-9,0-0,4-6,L 1,1999
2,DETROIT SHOCK,15,17,.469,12-8,0-0,7-9,8-8,0-0,5-5,W 2,1999
3,CHARLOTTE STING,15,17,.469,12-8,0-0,8-8,7-9,0-0,3-7,L 5,1999
3,SACRAMENTO MONARCHS,19,13,.594,9-11,0-0,11-5,8-8,0-0,5-5,L 3,1999
4,ORLANDO MIRACLE,15,17,.469,9-11,0-0,8-8,7-9,0-0,6-4,L 1,1999
4,MINNESOTA LYNX,15,17,.469,8-12,0-0,8-8,7-9,0-0,3-7,W 1,1999
5,PHOENIX MERCURY,15,17,.469,7-13,0-0,12-4,3-13,0-0,5-5,L 2,1999
5,WASHINGTON MYSTICS,12,20,.375,10-10,0-0,6-10,6-10,0-0,6-4,L 3,1999
6,UTAH STARZZ,15,17,.469,8-12,0-0,11-5,4-12,0-0,7-3,W 2,1999
6,CLEVELAND ROCKERS,7,25,.219,5-15,0-0,5-11,2-14,0-0,2-8,W 1,1999
1,NEW YORK LIBERTY,20,12,.625,14-7,0-0,12-4,8-8,0-0,7-3,L 1,2000
1,LOS ANGELES SPARKS,28,4,.875,17-4,0-0,15-1,13-3,0-0,9-1,L 1,2000
2,HOUSTON COMETS,27,5,.844,17-4,0-0,14-2,13-3,0-0,8-2,W 5,2000
2,CLEVELAND ROCKERS,17,15,.531,13-8,0-0,13-3,4-12,0-0,4-6,L 2,2000
3,ORLANDO MIRACLE,16,16,.500,13-8,0-0,11-5,5-11,0-0,2-8,L 1,2000
3,SACRAMENTO MONARCHS,21,11,.656,13-8,0-0,13-3,8-8,0-0,8-2,W 1,2000
4,PHOENIX MERCURY,20,12,.625,11-10,0-0,11-5,9-7,0-0,6-4,W 1,2000
4,WASHINGTON MYSTICS,14,18,.438,13-8,0-0,7-9,7-9,0-0,4-6,W 1,2000
5,UTAH STARZZ,18,14,.563,13-8,0-0,12-4,6-10,0-0,6-4,W 2,2000
5,DETROIT SHOCK,14,18,.438,10-11,0-0,8-8,6-10,0-0,4-6,W 2,2000
6,MIAMI SOL,13,19,.406,9-12,0-0,9-7,4-12,0-0,5-5,W 3,2000
6,MINNESOTA LYNX,15,17,.469,5-16,0-0,8-8,7-9,0-0,5-5,L 1,2000
7,PORTLAND FIRE,10,22,.313,4-17,0-0,6-10,4-12,0-0,3-7,L 4,2000
7,INDIANA FEVER,9,23,.281,7-14,0-0,5-11,4-12,0-0,3-7,W 1,2000
8,CHARLOTTE STING,8,24,.250,5-16,0-0,5-11,3-13,0-0,3-7,L 2,2000
8,SEATTLE STORM,6,26,.188,4-17,0-0,4-12,2-14,0-0,3-7,L 2,2000
1,LOS ANGELES SPARKS,28,4,.875,19-2,0-0,16-0,12-4,0-0,9-1,W 1,2001
1,CLEVELAND ROCKERS,22,10,.688,15-6,0-0,14-2,8-8,0-0,5-5,L 3,2001
2,SACRAMENTO MONARCHS,20,12,.625,13-8,0-0,12-4,8-8,0-0,7-3,W 4,2001
2,NEW YORK LIBERTY,21,11,.656,13-8,0-0,13-3,8-8,0-0,5-5,W 1,2001
3,UTAH STARZZ,19,13,.594,11-10,0-0,9-7,10-6,0-0,8-2,W 1,2001
3,MIAMI SOL,20,12,.625,14-7,0-0,10-6,10-6,0-0,7-3,L 1,2001
4,CHARLOTTE STING,18,14,.563,15-6,0-0,11-5,7-9,0-0,9-1,W 7,2001
4,HOUSTON COMETS,19,13,.594,13-8,0-0,11-5,8-8,0-0,4-6,L 1,2001
5,ORLANDO MIRACLE,13,19,.406,9-12,0-0,10-6,3-13,0-0,4-6,W 1,2001
5,PHOENIX MERCURY,13,19,.406,8-13,0-0,10-6,3-13,0-0,3-7,W 2,2001
6,MINNESOTA LYNX,12,20,.375,9-12,0-0,6-10,6-10,0-0,5-5,L 1,2001
6,INDIANA FEVER,10,22,.313,7-14,0-0,7-9,3-13,0-0,3-7,L 1,2001
7,PORTLAND FIRE,11,21,.344,5-16,0-0,6-10,5-11,0-0,0-10,L 10,2001
7,DETROIT SHOCK,10,22,.313,7-14,0-0,6-10,4-12,0-0,4-6,W 1,2001
8,WASHINGTON MYSTICS,10,22,.313,4-17,0-0,8-8,2-14,0-0,4-6,L 1,2001
8,SEATTLE STORM,10,22,.313,6-15,0-0,5-11,5-11,0-0,2-8,L 3,2001
1,NEW YORK LIBERTY,18,14,.563,11-10,0-0,10-6,8-8,0-0,5-5,L 2,2002
1,LOS ANGELES SPARKS,25,7,.781,17-4,0-0,12-4,13-3,0-0,7-3,W 3,2002
2,CHARLOTTE STING,18,14,.563,12-9,0-0,11-5,7-9,0-0,5-5,W 4,2002
2,HOUSTON COMETS,24,8,.750,16-5,0-0,14-2,10-6,0-0,8-2,W 1,2002
3,UTAH STARZZ,20,12,.625,12-9,0-0,12-4,8-8,0-0,5-5,W 1,2002
3,WASHINGTON MYSTICS,17,15,.531,12-9,0-0,9-7,8-8,0-0,2-8,L 1,2002
4,INDIANA FEVER,16,16,.500,12-9,0-0,10-6,6-10,0-0,7-3,W 2,2002
4,SEATTLE STORM,17,15,.531,10-11,0-0,10-6,7-9,0-0,7-3,L 1,2002
5,ORLANDO MIRACLE,16,16,.500,13-8,0-0,10-6,6-10,0-0,6-4,W 2,2002
5,PORTLAND FIRE,16,16,.500,8-13,0-0,9-7,7-9,0-0,3-7,L 4,2002
6,SACRAMENTO MONARCHS,14,18,.438,8-13,0-0,10-6,4-12,0-0,8-2,W 1,2002
6,MIAMI SOL,15,17,.469,11-10,0-0,9-7,6-10,0-0,5-5,W 1,2002
7,CLEVELAND ROCKERS,10,22,.313,7-14,0-0,4-12,6-10,0-0,2-8,L 6,2002
7,PHOENIX MERCURY,11,21,.344,7-14,0-0,10-6,1-15,0-0,3-7,L 1,2002
8,DETROIT SHOCK,9,23,.281,6-15,0-0,7-9,2-14,0-0,5-5,L 2,2002
8,MINNESOTA LYNX,10,22,.313,6-15,0-0,7-9,3-13,0-0,3-7,L 3,2002
NA,CONNECTICUT SUN,18,16,.529,11-13,18-16,10-7,8-9,0-2,4-1,W 3,2003
NA,SAN ANTONIO SILVER STARS,12,22,.353,10-14,12-22,9-8,3-14,1-0,2-3,L 2,2003
NA,MINNESOTA LYNX,18,16,.529,14-10,18-16,11-6,7-10,1-1,2-3,L 2,2003
NA,CHARLOTTE STING,18,16,.529,12-12,18-16,13-4,5-12,1-1,2-3,L 1,2003
NA,PHOENIX MERCURY,8,26,.235,5-19,8-26,6-11,2-15,1-2,2-3,L 1,2003
NA,NEW YORK LIBERTY,16,18,.471,11-13,16-18,11-6,5-12,0-2,3-2,L 2,2003
NA,INDIANA FEVER,16,18,.471,12-12,16-18,11-6,5-12,2-0,3-2,L 1,2003
NA,WASHINGTON MYSTICS,9,25,.265,7-17,9-25,3-14,6-11,0-2,1-4,L 4,2003
NA,HOUSTON COMETS,20,14,.588,14-10,20-14,14-3,6-11,0-1,1-4,L 3,2003
NA,LOS ANGELES SPARKS,24,10,.706,17-7,24-10,11-6,13-4,2-1,5-0,W 5,2003
NA,SEATTLE STORM,18,16,.529,11-13,18-16,13-4,5-12,0-2,2-3,W 2,2003
NA,DETROIT SHOCK,25,9,.735,18-6,25-9,13-4,12-5,4-0,4-1,W 4,2003
NA,SACRAMENTO MONARCHS,19,15,.559,13-11,19-15,12-5,7-10,1-0,4-1,L 1,2003
NA,CLEVELAND ROCKERS,17,17,.500,13-11,17-17,11-6,6-11,1-0,2-3,W 1,2003
1,CONNECTICUT SUN,18,16,.529,18-16,5-4,10-7,8-9,2-2,6-4,W 1,2004
1,LOS ANGELES SPARKS,25,9,.735,25-9,8-2,15-2,10-7,4-1,8-2,W 1,2004
2,NEW YORK LIBERTY,18,16,.529,18-16,6-4,11-6,7-10,2-2,6-4,W 3,2004
2,SEATTLE STORM,20,14,.588,20-14,5-6,13-4,7-10,1-0,4-6,L 1,2004
3,SACRAMENTO MONARCHS,18,16,.529,18-16,8-3,10-7,8-9,0-3,7-3,W 3,2004
3,DETROIT SHOCK,17,17,.500,17-17,6-5,8-9,9-8,1-1,6-4,W 3,2004
4,MINNESOTA LYNX,18,16,.529,18-16,5-7,11-6,7-10,2-0,4-6,L 1,2004
4,WASHINGTON MYSTICS,17,17,.500,17-17,7-5,11-6,6-11,1-1,7-3,L 1,2004
5,CHARLOTTE STING,16,18,.471,16-18,6-8,10-7,6-11,2-1,4-6,L 3,2004
5,PHOENIX MERCURY,17,17,.500,17-17,7-5,10-7,7-10,0-1,5-5,W 1,2004
6,INDIANA FEVER,15,19,.441,15-19,3-7,10-7,5-12,0-2,3-7,L 4,2004
6,HOUSTON COMETS,13,21,.382,13-21,3-8,9-8,4-13,1-1,3-7,L 3,2004
7,SAN ANTONIO SILVER STARS,9,25,.265,9-25,3-8,6-11,3-14,1-2,3-7,W 1,2004
1,SACRAMENTO MONARCHS,25,9,.735,17-5,0-0,15-2,10-7,0-0,8-2,W 1,2005
1,CONNECTICUT SUN,26,8,.765,13-7,0-0,14-3,12-5,0-0,8-2,W 2,2005
2,INDIANA FEVER,21,13,.618,14-6,0-0,14-3,7-10,1-2,6-4,W 1,2005
2,SEATTLE STORM,20,14,.588,13-9,0-0,14-3,6-11,0-1,6-4,W 3,2005
3,NEW YORK LIBERTY,18,16,.529,9-11,0-0,10-7,8-9,2-2,6-4,L 3,2005
3,HOUSTON COMETS,19,15,.559,11-11,0-0,11-6,8-9,1-1,5-5,W 2,2005
4,LOS ANGELES SPARKS,17,17,.500,12-10,0-0,11-6,6-11,0-0,5-5,L 1,2005
4,DETROIT SHOCK,16,18,.471,11-9,0-0,12-5,4-13,2-2,6-4,L 1,2005
5,PHOENIX MERCURY,16,18,.471,12-10,0-0,11-6,5-12,0-0,5-5,L 3,2005
5,WASHINGTON MYSTICS,16,18,.471,9-11,0-0,10-7,6-11,3-0,4-6,W 1,2005
6,CHARLOTTE STING,6,28,.176,4-16,0-0,5-12,1-16,1-2,3-7,L 1,2005
6,MINNESOTA LYNX,14,20,.412,9-13,0-0,11-6,3-14,1-1,3-7,L 4,2005
7,SAN ANTONIO SILVER STARS,7,27,.206,3-19,0-0,5-12,2-15,0-0,1-9,L 9,2005
1,LOS ANGELES SPARKS,25,9,.735,15-5,,15-2,10-7,0-1,6-4,W 2,2006
1,CONNECTICUT SUN,26,8,.765,15-5,,14-3,12-5,0-1,8-2,L 2,2006
2,SACRAMENTO MONARCHS,21,13,.618,10-10,,14-3,7-10,1-1,5-5,L 1,2006
2,DETROIT SHOCK,23,11,.676,14-6,,14-3,9-8,1-0,6-4,W 1,2006
3,HOUSTON COMETS,18,16,.529,11-9,,12-5,6-11,2-1,5-5,W 1,2006
3,INDIANA FEVER,21,13,.618,12-8,,12-5,9-8,2-0,6-4,L 1,2006
4,WASHINGTON MYSTICS,18,16,.529,12-8,,13-4,5-12,0-1,6-4,L 1,2006
4,SEATTLE STORM,18,16,.529,10-10,,9-8,9-8,0-0,6-4,L 2,2006
5,NEW YORK LIBERTY,11,23,.324,7-13,,7-10,4-13,1-1,7-3,W 2,2006
5,PHOENIX MERCURY,18,16,.529,8-12,,10-7,8-9,2-0,7-3,W 7,2006
6,CHARLOTTE STING,11,23,.324,6-14,,7-10,4-13,0-1,4-6,W 1,2006
6,SAN ANTONIO SILVER STARS,13,21,.382,10-10,,6-11,7-10,0-0,2-8,L 1,2006
7,MINNESOTA LYNX,10,24,.294,6-14,,8-9,2-15,0-1,1-9,L 3,2006
7,CHICAGO SKY,5,29,.147,4-16,,3-14,2-15,0-0,2-8,W 1,2006
1,PHOENIX MERCURY,23,11,.676,17-5,0-0,12-5,11-6,1-0,9-1,W 5,2007
1,DETROIT SHOCK,24,10,.706,14-6,0-0,12-5,12-5,1-1,6-4,L 4,2007
2,SAN ANTONIO SILVER STARS,20,14,.588,13-9,0-0,9-8,11-6,2-1,4-6,L 3,2007
2,INDIANA FEVER,21,13,.618,12-8,0-0,12-5,9-8,1-1,5-5,W 2,2007
3,SACRAMENTO MONARCHS,19,15,.559,12-10,0-0,12-5,7-10,1-3,5-5,L 2,2007
3,CONNECTICUT SUN,18,16,.529,10-10,0-0,8-9,10-7,2-2,6-4,L 2,2007
4,NEW YORK LIBERTY,16,18,.471,10-10,0-0,10-7,6-11,1-1,6-4,W 3,2007
4,SEATTLE STORM,17,17,.500,11-11,0-0,12-5,5-12,0-1,5-5,W 3,2007
5,HOUSTON COMETS,13,21,.382,10-12,0-0,7-10,6-11,0-0,5-5,W 1,2007
5,WASHINGTON MYSTICS,16,18,.471,8-12,0-0,8-9,8-9,3-1,6-4,W 1,2007
6,MINNESOTA LYNX,10,24,.294,8-14,0-0,7-10,3-14,1-2,5-5,W 2,2007
6,CHICAGO SKY,14,20,.412,6-14,0-0,6-11,8-9,3-2,3-7,L 1,2007
7,LOS ANGELES SPARKS,10,24,.294,6-16,0-0,5-12,5-12,1-2,2-8,L 3,2007
1,SAN ANTONIO SILVER STARS,24,10,.706,10-10,0-0,15-2,9-8,1-1,8-2,W 5,2008
1,DETROIT SHOCK,22,12,.647,16-4,0-0,14-3,8-9,1-2,6-4,W 5,2008
2,CONNECTICUT SUN,21,13,.618,13-7,0-0,13-4,8-9,1-1,7-3,W 1,2008
2,SEATTLE STORM,22,12,.647,13-7,0-0,16-1,6-11,0-0,6-4,L 1,2008
3,NEW YORK LIBERTY,19,15,.559,11-9,0-0,11-6,8-9,2-0,5-5,L 1,2008
3,LOS ANGELES SPARKS,20,14,.588,12-8,0-0,12-5,8-9,4-3,6-4,W 1,2008
4,SACRAMENTO MONARCHS,18,16,.529,9-11,0-0,13-4,5-12,0-0,5-5,L 2,2008
4,INDIANA FEVER,17,17,.500,12-8,0-0,11-6,6-11,1-2,6-4,W 2,2008
5,HOUSTON COMETS,17,17,.500,10-10,0-0,13-4,4-13,2-3,5-5,W 3,2008
5,CHICAGO SKY,12,22,.353,10-10,0-0,8-9,4-13,1-2,4-6,L 2,2008
6,PHOENIX MERCURY,16,18,.471,8-12,0-0,10-7,6-11,1-0,5-5,L 1,2008
6,WASHINGTON MYSTICS,10,24,.294,6-14,0-0,6-11,4-13,1-0,1-9,L 9,2008
7,MINNESOTA LYNX,16,18,.471,8-12,0-0,9-8,7-10,2-2,4-6,W 1,2008
7,ATLANTA DREAM,4,30,.118,2-18,0-0,1-16,3-14,0-1,1-9,L 1,2008
1,PHOENIX MERCURY,23,11,.676,13-7,0-0,12-5,11-6,4-0,6-4,L 1,2009
1,INDIANA FEVER,22,12,.647,17-5,0-0,14-3,8-9,2-2,3-7,L 2,2009
2,SEATTLE STORM,20,14,.588,13-7,0-0,13-4,7-10,3-3,7-3,W 1,2009
2,ATLANTA DREAM,18,16,.529,10-12,0-0,12-5,6-11,2-2,5-5,L 1,2009
3,LOS ANGELES SPARKS,18,16,.529,11-9,0-0,11-6,7-10,2-1,7-3,W 3,2009
3,DETROIT SHOCK,18,16,.529,11-11,0-0,11-6,7-10,3-4,8-2,W 2,2009
4,SAN ANTONIO SILVER STARS,15,19,.441,10-10,0-0,10-7,5-12,2-3,4-6,L 1,2009
4,WASHINGTON MYSTICS,16,18,.471,10-12,0-0,11-6,5-12,1-1,4-6,L 1,2009
5,MINNESOTA LYNX,14,20,.412,7-13,0-0,9-8,5-12,1-1,3-7,L 2,2009
5,CHICAGO SKY,16,18,.471,10-12,0-0,12-5,4-13,1-0,4-6,L 1,2009
6,SACRAMENTO MONARCHS,12,22,.353,6-14,0-0,7-10,5-12,1-1,5-5,W 1,2009
6,CONNECTICUT SUN,16,18,.471,10-12,0-0,12-5,4-13,2-4,3-7,W 1,2009
7,NEW YORK LIBERTY,13,21,.382,9-13,0-0,8-9,5-12,1-3,4-6,W 1,2009
1,WASHINGTON MYSTICS,22,12,.647,13-9,0-0,13-4,9-8,1-1,8-2,W 6,2010
1,SEATTLE STORM,28,6,.824,20-2,0-0,17-0,11-6,2-0,6-4,W 3,2010
2,NEW YORK LIBERTY,22,12,.647,14-8,0-0,13-4,9-8,2-1,9-1,W 1,2010
2,PHOENIX MERCURY,15,19,.441,13-9,0-0,9-8,6-11,1-2,4-6,L 2,2010
3,SAN ANTONIO SILVER STARS,14,20,.412,11-11,0-0,8-9,6-11,0-0,5-5,W 2,2010
3,INDIANA FEVER,21,13,.618,13-9,0-0,12-5,9-8,2-1,5-5,L 3,2010
4,ATLANTA DREAM,19,15,.559,10-12,0-0,10-7,9-8,2-0,4-6,L 2,2010
4,LOS ANGELES SPARKS,13,21,.382,10-12,0-0,8-9,5-12,1-0,5-5,L 1,2010
5,CONNECTICUT SUN,17,17,.500,9-13,0-0,12-5,5-12,0-4,4-6,L 1,2010
5,MINNESOTA LYNX,13,21,.382,8-14,0-0,7-10,6-11,3-1,5-5,W 1,2010
6,TULSA SHOCK,6,28,.176,4-18,0-0,4-13,2-15,0-1,2-8,W 1,2010
6,CHICAGO SKY,14,20,.412,7-15,0-0,7-10,7-10,0-3,2-8,L 2,2010
1,MINNESOTA LYNX,27,7,.794,18-4,0-0,14-3,13-4,0-0,9-1,W 3,2011
1,INDIANA FEVER,21,13,.618,13-9,0-0,13-4,8-9,0-1,4-6,L 2,2011
2,CONNECTICUT SUN,21,13,.618,14-8,0-0,15-2,6-11,1-3,5-5,W 1,2011
2,SEATTLE STORM,21,13,.618,15-7,0-0,15-2,6-11,0-0,8-2,W 4,2011
3,PHOENIX MERCURY,19,15,.559,11-11,0-0,11-6,8-9,1-2,5-5,L 2,2011
3,ATLANTA DREAM,20,14,.588,14-8,0-0,11-6,9-8,1-2,8-2,W 4,2011
4,NEW YORK LIBERTY,19,15,.559,11-11,0-0,12-5,7-10,2-0,6-4,L 1,2011
4,SAN ANTONIO SILVER STARS,18,16,.529,11-11,0-0,9-8,9-8,2-0,5-5,W 3,2011
5,LOS ANGELES SPARKS,15,19,.441,10-12,0-0,10-7,5-12,2-2,5-5,W 2,2011
5,CHICAGO SKY,14,20,.412,10-12,0-0,10-7,4-13,1-0,4-6,L 5,2011
6,TULSA SHOCK,3,31,.088,1-21,0-0,2-15,1-16,0-1,2-8,L 6,2011
6,WASHINGTON MYSTICS,6,28,.176,4-18,0-0,4-13,2-15,2-1,1-9,L 4,2011
1,CONNECTICUT SUN,25,9,.735,18-4,0-0,12-5,13-4,3-1,7-3,W 3,2012
1,MINNESOTA LYNX,27,7,.794,17-5,0-0,16-1,11-6,2-0,7-3,L 1,2012
2,LOS ANGELES SPARKS,24,10,.706,15-7,0-0,16-1,8-9,0-1,6-4,W 4,2012
2,INDIANA FEVER,22,12,.647,15-7,0-0,13-4,9-8,1-1,6-4,W 2,2012
3,SAN ANTONIO SILVER STARS,21,13,.618,14-8,0-0,12-5,9-8,1-1,4-6,W 1,2012
3,ATLANTA DREAM,19,15,.559,12-10,0-0,11-6,8-9,1-2,7-3,L 1,2012
4,NEW YORK LIBERTY,15,19,.441,10-12,0-0,9-8,6-11,0-0,6-4,W 1,2012
4,SEATTLE STORM,16,18,.471,11-11,0-0,10-7,6-11,1-0,5-5,W 3,2012
5,TULSA SHOCK,9,25,.265,5-17,0-0,6-11,3-14,1-2,4-6,L 2,2012
5,CHICAGO SKY,14,20,.412,8-14,0-0,7-10,7-10,2-4,5-5,W 1,2012
6,PHOENIX MERCURY,7,27,.206,4-18,0-0,3-14,4-13,0-1,2-8,L 7,2012
6,WASHINGTON MYSTICS,5,29,.147,3-19,0-0,4-13,1-16,1-0,0-10,L 13,2012
1,MINNESOTA LYNX,26,8,.765,18-4,0-0,15-2,11-6,0-1,8-2,W 1,2013
1,CHICAGO SKY,24,10,.706,17-5,0-0,14-3,10-7,1-0,8-2,L 1,2013
2,LOS ANGELES SPARKS,24,10,.706,14-8,0-0,15-2,9-8,2-0,7-3,W 3,2013
2,ATLANTA DREAM,17,17,.500,12-10,0-0,13-4,4-13,1-1,3-7,L 4,2013
3,PHOENIX MERCURY,19,15,.559,9-13,0-0,10-7,9-8,1-0,6-4,L 1,2013
3,WASHINGTON MYSTICS,17,17,.500,10-12,0-0,10-7,7-10,2-1,6-4,W 3,2013
4,INDIANA FEVER,16,18,.471,11-11,0-0,9-8,7-10,0-3,5-5,L 1,2013
4,SEATTLE STORM,17,17,.500,11-11,0-0,9-8,8-9,1-0,6-4,W 2,2013
5,NEW YORK LIBERTY,11,23,.324,8-14,0-0,6-11,5-12,2-1,1-9,L 7,2013
5,SAN ANTONIO SILVER STARS,12,22,.353,7-15,0-0,8-9,4-13,1-0,3-7,W 1,2013
6,TULSA SHOCK,11,23,.324,7-15,0-0,7-10,4-13,0-5,4-6,L 2,2013
6,CONNECTICUT SUN,10,24,.294,8-14,0-0,8-9,2-15,1-0,3-7,W 1,2013
1,PHOENIX MERCURY,29,5,.853,19-3,0-0,16-1,13-4,2-0,8-2,W 2,2014
1,ATLANTA DREAM,19,15,.559,11-11,0-0,13-4,6-11,2-3,4-6,L 1,2014
2,MINNESOTA LYNX,25,9,.735,15-7,0-0,15-2,10-7,2-0,7-3,W 1,2014
2,INDIANA FEVER,16,18,.471,12-10,0-0,7-10,9-8,1-2,5-5,L 1,2014
3,SAN ANTONIO STARS,16,18,.471,9-13,0-0,8-9,8-9,1-2,4-6,W 3,2014
3,WASHINGTON MYSTICS,16,18,.471,11-11,0-0,8-9,8-9,1-3,5-5,L 1,2014
4,LOS ANGELES SPARKS,16,18,.471,9-13,0-0,7-10,9-8,2-1,6-4,L 1,2014
4,CHICAGO SKY,15,19,.441,14-8,0-0,9-8,6-11,1-2,5-5,L 2,2014
5,NEW YORK LIBERTY,15,19,.441,10-12,0-0,10-7,5-12,2-1,5-5,W 2,2014
5,SEATTLE STORM,12,22,.353,7-15,0-0,8-9,4-13,1-2,3-7,L 2,2014
6,TULSA SHOCK,12,22,.353,7-15,0-0,8-9,4-13,2-1,4-6,L 3,2014
6,CONNECTICUT SUN,13,21,.382,8-14,0-0,9-8,4-13,1-1,3-7,W 1,2014
1,NEW YORK LIBERTY,23,11,.676,13-9,0-0,12-5,11-6,2-0,6-4,L 2,2015
1,MINNESOTA LYNX,22,12,.647,16-6,0-0,13-4,9-8,0-1,4-6,L 1,2015
2,PHOENIX MERCURY,20,14,.588,15-7,0-0,13-4,7-10,3-1,5-5,L 1,2015
2,CHICAGO SKY,21,13,.618,14-8,0-0,13-4,8-9,2-1,7-3,L 1,2015
3,TULSA SHOCK,18,16,.529,11-11,0-0,12-5,6-11,1-1,8-2,W 1,2015
3,INDIANA FEVER,20,14,.588,13-9,0-0,11-6,9-8,1-1,5-5,W 2,2015
4,LOS ANGELES SPARKS,14,20,.412,10-12,0-0,9-8,5-12,0-2,6-4,L 2,2015
4,WASHINGTON MYSTICS,18,16,.529,10-12,0-0,11-6,7-10,1-1,3-7,L 1,2015
5,SEATTLE STORM,10,24,.294,8-14,0-0,8-9,2-15,0-0,4-6,L 1,2015
5,ATLANTA DREAM,15,19,.441,10-12,0-0,9-8,6-11,0-2,6-4,W 1,2015
6,SAN ANTONIO STARS,8,26,.235,6-16,0-0,7-10,1-16,0-1,1-9,W 1,2015
6,CONNECTICUT SUN,15,19,.441,6-16,0-0,8-9,7-10,3-2,3-7,W 1,2015
1,MINNESOTA LYNX,28,6,.824,15-1,0-0,15-2,13-4,1-3,8-2,W 2,2016
2,LOS ANGELES SPARKS,26,8,.765,11-5,0-0,14-3,12-5,2-0,5-5,W 2,2016
3,NEW YORK LIBERTY,21,13,.618,11-5,0-0,10-7,11-6,3-3,4-6,L 3,2016
4,CHICAGO SKY,18,16,.529,8-8,0-0,11-6,7-10,2-1,7-3,L 1,2016
5,INDIANA FEVER,17,17,.500,8-8,0-0,8-9,9-8,0-2,5-5,W 1,2016
6,ATLANTA DREAM,17,17,.500,9-7,0-0,11-6,6-11,4-1,5-5,L 1,2016
7,SEATTLE STORM,16,18,.471,7-9,0-0,10-7,6-11,0-1,7-3,W 1,2016
8,PHOENIX MERCURY,16,18,.471,6-10,0-0,11-6,5-12,1-1,6-4,W 2,2016
9,CONNECTICUT SUN,14,20,.412,4-12,0-0,8-9,6-11,1-3,6-4,W 3,2016
10,WASHINGTON MYSTICS,13,21,.382,8-8,0-0,5-12,8-9,3-1,4-6,L 2,2016
11,DALLAS WINGS,11,23,.324,8-8,0-0,6-11,5-12,2-2,2-8,L 2,2016
12,SAN ANTONIO STARS,7,27,.206,1-15,0-0,4-13,3-14,1-2,2-8,L 2,2016
1,MINNESOTA LYNX,27,7,.794,13-3,0-0,15-2,12-5,0-0,6-4,W 3,2017
2,LOS ANGELES SPARKS,26,8,.765,12-4,0-0,16-1,10-7,1-0,8-2,W 7,2017
3,NEW YORK LIBERTY,22,12,.647,11-5,0-0,13-4,9-8,1-0,10-0,W 10,2017
4,CONNECTICUT SUN,21,13,.618,10-6,0-0,12-5,9-8,0-0,6-4,L 2,2017
5,PHOENIX MERCURY,18,16,.529,7-9,0-0,9-8,9-8,2-1,5-5,W 3,2017
6,WASHINGTON MYSTICS,18,16,.529,12-4,0-0,11-6,7-10,2-0,4-6,L 1,2017
7,DALLAS WINGS,16,18,.471,7-9,0-0,10-7,6-11,1-2,5-5,L 1,2017
8,SEATTLE STORM,15,19,.441,8-8,0-0,10-7,5-12,0-3,5-5,W 1,2017
9,CHICAGO SKY,12,22,.353,6-10,0-0,4-13,8-9,1-2,4-6,L 4,2017
10,ATLANTA DREAM,12,22,.353,5-11,0-0,9-8,3-14,3-1,2-8,L 2,2017
11,INDIANA FEVER,9,25,.265,4-12,0-0,6-11,3-14,0-2,1-9,L 8,2017
12,SAN ANTONIO STARS,8,26,.235,1-15,0-0,6-11,2-15,1-1,5-5,W 1,2017
1,SEATTLE STORM,26,8,.765,11-5,0-0,13-4,13-4,1-1,8-2,W 3,2018
2,ATLANTA DREAM,23,11,.676,12-4,0-0,13-4,10-7,0-0,8-2,W 1,2018
3,WASHINGTON MYSTICS,22,12,.647,12-4,0-0,12-5,10-7,0-0,8-2,L 1,2018
4,CONNECTICUT SUN,21,13,.618,9-7,0-0,13-4,8-9,0-0,9-1,W 4,2018
5,PHOENIX MERCURY,20,14,.588,8-8,0-0,9-8,11-6,0-0,5-5,W 4,2018
6,LOS ANGELES SPARKS,19,15,.559,9-7,0-0,11-6,8-9,1-0,5-5,L 2,2018
7,MINNESOTA LYNX,18,16,.529,9-7,0-0,9-8,9-8,0-0,4-6,W 1,2018
8,DALLAS WINGS,15,19,.441,7-9,0-0,10-7,5-12,0-0,1-9,L 1,2018
9,LAS VEGAS ACES,14,20,.412,4-12,0-0,8-9,6-11,1-0,3-7,L 2,2018
10,CHICAGO SKY,13,21,.382,6-10,0-0,7-10,6-11,1-2,5-5,L 1,2018
11,NEW YORK LIBERTY,7,27,.206,6-10,0-0,4-13,3-14,2-0,0-10,L 13,2018
12,INDIANA FEVER,6,28,.176,3-13,0-0,2-15,4-13,0-3,3-7,W 1,2018
1,WASHINGTON MYSTICS,26,8,.765,13-3,0-0,14-3,12-5,1-0,9-1,W 6,2019
2,CONNECTICUT SUN,23,11,.676,11-5,0-0,15-2,8-9,0-1,7-3,L 2,2019
3,LOS ANGELES SPARKS,22,12,.647,10-6,0-0,15-2,7-10,1-0,7-3,W 3,2019
4,LAS VEGAS ACES,21,13,.618,11-5,0-0,13-4,8-9,2-0,6-4,W 1,2019
5,CHICAGO SKY,20,14,.588,11-5,0-0,12-5,8-9,1-0,6-4,L 1,2019
6,SEATTLE STORM,18,16,.529,10-6,0-0,11-6,7-10,0-0,5-5,W 1,2019
7,MINNESOTA LYNX,18,16,.529,7-9,0-0,11-6,7-10,0-0,6-4,L 1,2019
8,PHOENIX MERCURY,15,19,.441,5-11,0-0,9-8,6-11,0-1,4-6,L 4,2019
9,INDIANA FEVER,13,21,.382,7-9,0-0,7-10,6-11,0-2,5-5,W 2,2019
10,DALLAS WINGS,10,24,.294,5-11,0-0,8-9,2-15,0-0,3-7,L 4,2019
11,NEW YORK LIBERTY,10,24,.294,3-13,0-0,4-13,6-11,0-0,2-8,W 1,2019
12,ATLANTA DREAM,8,26,.235,3-13,0-0,5-12,3-14,0-1,3-7,L 1,2019
1,LAS VEGAS ACES,18,4,.818,8-2,0-0,9-2,9-2,0-0,9-1,W 6,2020
2,SEATTLE STORM,18,4,.818,8-2,0-0,10-1,8-3,0-0,7-3,L 1,2020
3,LOS ANGELES SPARKS,15,7,.682,5-5,0-0,8-3,7-4,1-0,6-4,L 2,2020
4,MINNESOTA LYNX,14,8,.636,4-6,0-0,7-4,7-4,0-0,5-5,W 1,2020
5,PHOENIX MERCURY,13,9,.591,4-6,0-0,6-5,7-4,1-0,7-3,L 1,2020
6,CHICAGO SKY,12,10,.545,6-4,0-0,6-5,6-5,0-0,4-6,W 1,2020
7,CONNECTICUT SUN,10,12,.455,7-3,0-0,3-8,7-4,0-1,5-5,L 2,2020
8,WASHINGTON MYSTICS,9,13,.409,6-4,0-0,5-6,4-7,0-2,5-5,W 4,2020
9,DALLAS WINGS,8,14,.364,1-9,0-0,4-7,4-7,2-0,4-6,W 1,2020
10,ATLANTA DREAM,7,15,.318,5-5,0-0,3-8,4-7,0-1,5-5,L 1,2020
11,INDIANA FEVER,6,16,.273,4-6,0-0,5-6,1-10,0-0,1-9,L 1,2020
12,NEW YORK LIBERTY,2,20,.091,2-8,0-0,0-11,2-9,0-0,1-9,L 8,2020
1,CONNECTICUT SUN,26,6,.813,12-3,0-0,15-1,11-5,0-2,10-0,W 14,2021
2,LAS VEGAS ACES,24,8,.750,11-4,0-0,13-3,11-5,1-2,8-2,W 4,2021
3,MINNESOTA LYNX,22,10,.688,10-5,0-0,13-3,9-7,2-0,9-1,W 4,2021
4,SEATTLE STORM,21,11,.656,9-6,0-0,11-5,10-6,3-2,5-5,W 1,2021
5,PHOENIX MERCURY,19,13,.594,6-9,0-0,7-9,12-4,2-0,7-3,L 3,2021
6,CHICAGO SKY,16,16,.500,10-5,0-0,6-10,10-6,1-3,5-5,W 1,2021
7,DALLAS WINGS,14,18,.438,7-8,0-0,7-9,7-9,0-2,5-5,W 1,2021
8,NEW YORK LIBERTY,12,20,.375,6-9,0-0,7-9,5-11,0-1,2-8,W 1,2021
9,WASHINGTON MYSTICS,12,20,.375,7-8,0-0,8-8,4-12,1-0,4-6,L 2,2021
10,LOS ANGELES SPARKS,12,20,.375,2-13,0-0,8-8,4-12,2-0,3-7,L 1,2021
11,ATLANTA DREAM,8,24,.250,6-9,0-0,4-12,4-12,1-1,2-8,L 2,2021
12,INDIANA FEVER,6,26,.188,4-11,0-0,4-12,2-14,0-0,2-8,L 7,2021
1,LAS VEGAS ACES,26,10,.722,15-3,0-0,13-5,13-5,0-1,8-2,W 4,2022
2,CHICAGO SKY,26,10,.722,15-3,0-0,14-4,12-6,2-1,6-4,W 1,2022
3,CONNECTICUT SUN,25,11,.694,11-7,0-0,13-5,12-6,1-1,8-2,W 3,2022
4,SEATTLE STORM,22,14,.611,10-8,0-0,13-5,9-9,1-0,5-5,L 1,2022
5,WASHINGTON MYSTICS,22,14,.611,11-7,0-0,12-6,10-8,1-2,7-3,W 2,2022
6,DALLAS WINGS,18,18,.500,8-10,0-0,8-10,10-8,1-0,7-3,W 1,2022
7,NEW YORK LIBERTY,16,20,.444,10-8,0-0,9-9,7-11,0-3,7-3,W 3,2022
8,PHOENIX MERCURY,15,21,.417,7-11,0-0,11-7,4-14,1-1,4-6,L 1,2022
9,MINNESOTA LYNX,14,22,.389,8-10,0-0,7-11,7-11,1-0,4-6,L 2,2022
10,ATLANTA DREAM,14,22,.389,5-13,0-0,8-10,6-12,1-1,2-8,L 4,2022
11,LOS ANGELES SPARKS,13,23,.361,6-12,0-0,7-11,6-12,1-0,1-9,L 3,2022
12,INDIANA FEVER,5,31,.139,2-16,0-0,3-15,2-16,1-1,0-10,L 18,2022
1,LAS VEGAS ACES,34,6,.850,18-2,0-0,19-1,15-5,0-0,7-3,W 4,2023
2,NEW YORK LIBERTY,32,8,.800,16-4,0-0,15-5,17-3,3-0,8-2,L 1,2023
3,CONNECTICUT SUN,27,13,.675,14-6,0-0,13-7,14-6,0-3,6-4,L 1,2023
4,DALLAS WINGS,22,18,.550,11-9,0-0,11-9,11-9,0-1,6-4,W 2,2023
5,ATLANTA DREAM,19,21,.475,11-9,0-0,11-9,8-12,1-1,4-6,L 1,2023
6,MINNESOTA LYNX,19,21,.475,12-8,0-0,9-11,10-10,2-0,5-5,L 2,2023
7,WASHINGTON MYSTICS,19,21,.475,9-11,0-0,12-8,7-13,0-1,5-5,W 1,2023
8,CHICAGO SKY,18,22,.450,5-15,0-0,7-13,11-9,2-0,6-4,W 3,2023
9,LOS ANGELES SPARKS,17,23,.425,9-11,0-0,10-10,7-13,1-0,5-5,W 1,2023
10,INDIANA FEVER,13,27,.325,5-15,0-0,6-14,7-13,1-2,5-5,W 1,2023
11,SEATTLE STORM,11,29,.275,8-12,0-0,4-16,7-13,0-1,2-8,L 4,2023
12,PHOENIX MERCURY,9,31,.225,2-18,0-0,8-12,1-19,0-1,0-10,L 11,2023
1,NEW YORK LIBERTY,32,8,.800,16-4,0-0,16-4,16-4,0-0,7-3,L 1,2024
2,MINNESOTA LYNX,30,10,.750,14-6,0-0,16-4,14-6,1-1,8-2,L 1,2024
3,CONNECTICUT SUN,28,12,.700,14-6,0-0,14-6,14-6,2-0,6-4,W 1,2024
4,LAS VEGAS ACES,27,13,.675,12-8,0-0,13-7,14-6,0-1,9-1,W 5,2024
5,SEATTLE STORM,25,15,.625,13-7,0-0,14-6,11-9,0-1,6-4,W 1,2024
6,INDIANA FEVER,20,20,.500,11-9,0-0,12-8,8-12,1-0,6-4,L 1,2024
7,PHOENIX MERCURY,19,21,.475,10-10,0-0,10-10,9-11,1-0,3-7,L 1,2024
8,ATLANTA DREAM,15,25,.375,7-13,0-0,8-12,7-13,2-1,5-5,W 3,2024
9,WASHINGTON MYSTICS,14,26,.350,7-13,0-0,5-15,9-11,0-2,6-4,W 1,2024
10,CHICAGO SKY,13,27,.325,5-15,0-0,6-14,7-13,0-0,2-8,L 5,2024
11,DALLAS WINGS,9,31,.225,6-14,0-0,7-13,2-18,0-2,1-9,L 9,2024
12,LOS ANGELES SPARKS,8,32,.200,5-15,0-0,5-15,3-17,1-0,2-8,W 1,2024
