survey_year,year,girls
2009-10,1971-72,294015
2009-10,1972-73,817073
2009-10,1973-74,1300169
2009-10,1975-76,1645039
2009-10,1977-78,2083040
2009-10,1978-79,1854400
2009-10,1979-80,1750264
2009-10,1980-81,1853789
2009-10,1981-82,1810671
2009-10,1982-83,1779972
2009-10,1983-84,1747346
2009-10,1984-85,1757884
2009-10,1985-86,1807121
2009-10,1986-87,1836356
2009-10,1987-88,1849684
2009-10,1988-89,1839352
2009-10,1989-90,1858659
2009-10,1990-91,1892316
2009-10,1991-92,1940801
2009-10,1992-93,1997489
2009-10,1993-94,2130315
2009-10,1994-95,2240461
2009-10,1995-96,2367936
2009-10,1996-97,2474043
2009-10,1997-98,2570333
2009-10,1998-99,2652726
2009-10,1999-00,2675874
2009-10,2000-01,2784154
2009-10,2001-02,2806998
2009-10,2002-03,2856358
2009-10,2003-04,2865299
2009-10,2004-05,2908390
2009-10,2005-06,2953355
2009-10,2006-07,3021807
2009-10,2007-08,3057266
2009-10,2008-09,3114091
2009-10,2009-10,3172637
2010-11,1971-72,294015
2010-11,1972-73,817073
2010-11,1973-74,1300169
2010-11,1975-76,1645039
2010-11,1977-78,2083040
2010-11,1978-79,1854400
2010-11,1979-80,1750264
2010-11,1980-81,1853789
2010-11,1981-82,1810671
2010-11,1982-83,1779972
2010-11,1983-84,1747346
2010-11,1984-85,1757884
2010-11,1985-86,1807121
2010-11,1986-87,1836356
2010-11,1987-88,1849684
2010-11,1988-89,1839352
2010-11,1989-90,1858659
2010-11,1990-91,1892316
2010-11,1991-92,1940801
2010-11,1992-93,1997489
2010-11,1993-94,2130315
2010-11,1994-95,2240461
2010-11,1995-96,2367936
2010-11,1996-97,2474043
2010-11,1997-98,2570333
2010-11,1998-99,2652726
2010-11,1999-00,2675874
2010-11,2000-01,2784154
2010-11,2001-02,2806998
2010-11,2002-03,2856358
2010-11,2003-04,2865299
2010-11,2004-05,2908390
2010-11,2005-06,2953355
2010-11,2006-07,3021807
2010-11,2007-08,3057266
2010-11,2008-09,3114091
2010-11,2009-10,3172637
2010-11,2010-11,3173549
2011-12,1971-72,294015
2011-12,1972-73,817073
2011-12,1973-74,1300169
2011-12,1975-76,1645039
2011-12,1977-78,2083040
2011-12,1978-79,1854400
2011-12,1979-80,1750264
2011-12,1980-81,1853789
2011-12,1981-82,1810671
2011-12,1982-83,1779972
2011-12,1983-84,1747346
2011-12,1984-85,1757884
2011-12,1985-86,1807121
2011-12,1986-87,1836356
2011-12,1987-88,1849684
2011-12,1988-89,1839352
2011-12,1989-90,1858659
2011-12,1990-91,1892316
2011-12,1991-92,1940801
2011-12,1992-93,1997489
2011-12,1993-94,2130315
2011-12,1994-95,2240461
2011-12,1995-96,2367936
2011-12,1996-97,2474043
2011-12,1997-98,2570333
2011-12,1998-99,2652726
2011-12,1999-00,2675874
2011-12,2000-01,2784154
2011-12,2001-02,2806998
2011-12,2002-03,2856358
2011-12,2003-04,2865299
2011-12,2004-05,2908390
2011-12,2005-06,2953355
2011-12,2006-07,3021807
2011-12,2007-08,3057266
2011-12,2008-09,3114091
2011-12,2009-10,3172637
2011-12,2010-11,3173549
2011-12,2011-12,3207533
2012-13,1971-72,294015
2012-13,1972-73,817073
2012-13,1973-74,1300169
2012-13,1975-76,1645039
2012-13,1977-78,2083040
2012-13,1978-79,1854400
2012-13,1979-80,1750264
2012-13,1980-81,1853789
2012-13,1981-82,1810671
2012-13,1982-83,1779972
2012-13,1983-84,1747346
2012-13,1984-85,1757884
2012-13,1985-86,1807121
2012-13,1986-87,1836356
2012-13,1987-88,1849684
2012-13,1988-89,1839352
2012-13,1989-90,1858659
2012-13,1990-91,1892316
2012-13,1991-92,1940801
2012-13,1992-93,1997489
2012-13,1993-94,2130315
2012-13,1994-95,2240461
2012-13,1995-96,2367936
2012-13,1996-97,2474043
2012-13,1997-98,2570333
2012-13,1998-99,2652726
2012-13,1999-00,2675874
2012-13,2000-01,2784154
2012-13,2001-02,2806998
2012-13,2002-03,2856358
2012-13,2003-04,2865299
2012-13,2004-05,2908390
2012-13,2005-06,2953355
2012-13,2006-07,3021807
2012-13,2007-08,3057266
2012-13,2008-09,3114091
2012-13,2009-10,3172637
2012-13,2010-11,3173549
2012-13,2011-12,3207533
2012-13,2012-13,3222723
2013-14,1971-72,294015
2013-14,1972-73,817073
2013-14,1973-74,1300169
2013-14,1975-76,1645039
2013-14,1977-78,2083040
2013-14,1978-79,1854400
2013-14,1979-80,1750264
2013-14,1980-81,1853789
2013-14,1981-82,1810671
2013-14,1982-83,1779972
2013-14,1983-84,1747346
2013-14,1984-85,1757884
2013-14,1985-86,1807121
2013-14,1986-87,1836356
2013-14,1987-88,1849684
2013-14,1988-89,1839352
2013-14,1989-90,1858659
2013-14,1990-91,1892316
2013-14,1991-92,1940801
2013-14,1992-93,1997489
2013-14,1993-94,2130315
2013-14,1994-95,2240461
2013-14,1995-96,2367936
2013-14,1996-97,2474043
2013-14,1997-98,2570333
2013-14,1998-99,2652726
2013-14,1999-00,2675874
2013-14,2000-01,2784154
2013-14,2001-02,2806998
2013-14,2002-03,2856358
2013-14,2003-04,2865299
2013-14,2004-05,2908390
2013-14,2005-06,2953355
2013-14,2006-07,3021807
2013-14,2007-08,3057266
2013-14,2008-09,3114091
2013-14,2009-10,3172637
2013-14,2010-11,3173549
2013-14,2011-12,3207533
2013-14,2012-13,3222723
2013-14,2013-14,3267664
2014-15,1971-72,294015
2014-15,1972-73,817073
2014-15,1973-74,1300169
2014-15,1975-76,1645039
2014-15,1977-78,2083040
2014-15,1978-79,1854400
2014-15,1979-80,1750264
2014-15,1980-81,1853789
2014-15,1981-82,1810671
2014-15,1982-83,1779972
2014-15,1983-84,1747346
2014-15,1984-85,1757884
2014-15,1985-86,1807121
2014-15,1986-87,1836356
2014-15,1987-88,1849684
2014-15,1988-89,1839352
2014-15,1989-90,1858659
2014-15,1990-91,1892316
2014-15,1991-92,1940801
2014-15,1992-93,1997489
2014-15,1993-94,2130315
2014-15,1994-95,2240461
2014-15,1995-96,2367936
2014-15,1996-97,2474043
2014-15,1997-98,2570333
2014-15,1998-99,2652726
2014-15,1999-00,2675874
2014-15,2000-01,2784154
2014-15,2001-02,2806998
2014-15,2002-03,2856358
2014-15,2003-04,2865299
2014-15,2004-05,2908390
2014-15,2005-06,2953355
2014-15,2006-07,3021807
2014-15,2007-08,3057266
2014-15,2008-09,3114091
2014-15,2009-10,3172637
2014-15,2010-11,3173549
2014-15,2011-12,3207533
2014-15,2012-13,3222723
2014-15,2013-14,3267664
2014-15,2014-15,3287735
2015-16,1971-72,294015
2015-16,1972-73,817073
2015-16,1973-74,1300169
2015-16,1975-76,1645039
2015-16,1977-78,2083040
2015-16,1978-79,1854400
2015-16,1979-80,1750264
2015-16,1980-81,1853789
2015-16,1981-82,1810671
2015-16,1982-83,1779972
2015-16,1983-84,1747346
2015-16,1984-85,1757884
2015-16,1985-86,1807121
2015-16,1986-87,1836356
2015-16,1987-88,1849684
2015-16,1988-89,1839352
2015-16,1989-90,1858659
2015-16,1990-91,1892316
2015-16,1991-92,1940801
2015-16,1992-93,1997489
2015-16,1993-94,2130315
2015-16,1994-95,2240461
2016-17,1971-72,294015
2016-17,1972-73,817073
2016-17,1973-74,1300169
2016-17,1975-76,1645039
2016-17,1977-78,2083040
2016-17,1978-79,1854400
2016-17,1979-80,1750264
2016-17,1980-81,1853789
2016-17,1981-82,1810671
2016-17,1982-83,1779972
2016-17,1983-84,1747346
2016-17,1984-85,1757884
2016-17,1985-86,1807121
2016-17,1986-87,1836356
2016-17,1987-88,1849684
2016-17,1988-89,1839352
2016-17,1989-90,1858659
2016-17,1990-91,1892316
2016-17,1991-92,1940801
2016-17,1992-93,1997489
2016-17,1993-94,2130315
2016-17,1994-95,2240461
2017-18,1971-72,294015
2017-18,1972-73,817073
2017-18,1973-74,1300169
2017-18,1975-76,1645039
2017-18,1977-78,2083040
2017-18,1978-79,1854400
2017-18,1979-80,1750264
2017-18,1980-81,1853789
2017-18,1981-82,1810671
2017-18,1982-83,1779972
2017-18,1983-84,1747346
2017-18,1984-85,1757884
2017-18,1985-86,1807121
2017-18,1986-87,1836356
2017-18,1987-88,1849684
2017-18,1988-89,1839352
2017-18,1989-90,1858659
2017-18,1990-91,1892316
2017-18,1991-92,1940801
2017-18,1992-93,1997489
2017-18,1993-94,2130315
2017-18,1994-95,2240461
2017-18,1995-96,2367936
2018-19,1971-72,294015
2018-19,1972-73,817073
2018-19,1973-74,1300169
2018-19,1975-76,1645039
2018-19,1977-78,2083040
2018-19,1978-79,1854400
2018-19,1979-80,1750264
2018-19,1980-81,1853789
2018-19,1981-82,1810671
2018-19,1982-83,1779972
2018-19,1983-84,1747346
2018-19,1984-85,1757884
2018-19,1985-86,1807121
2018-19,1986-87,1836356
2018-19,1987-88,1849684
2018-19,1988-89,1839352
2018-19,1989-90,1858659
2018-19,1990-91,1892316
2018-19,1991-92,1940801
2018-19,1992-93,1997489
2018-19,1993-94,2130315
2018-19,1994-95,2240461
2018-19,1995-96,2367936
